SET NAMES utf8;
SET time_zone = '+00:00';
SET foreign_key_checks = 0;
SET sql_mode = 'NO_AUTO_VALUE_ON_ZERO';

SET NAMES utf8mb4;

INSERT INTO `events` (`eventId`, `date`, `beginTime`, `endTime`, `gameId`, `description`, `eventType`) VALUES
(1,	'2023-07-07',	'18:00:00',	'20:00:00',	1,	'',	'PlayOff'),
(2,	'2023-11-17',	'18:00:00',	'22:00:00',	5,	'Valorant Playoff',	'playoff'),
(3,	'2023-07-07',	'18:00:00',	'20:00:00',	1,	'',	'PlayOff'),
(5,	'2023-11-19',	'13:00:00',	'18:00:00',	3,	'Minecreaft Playoff',	'playoff');

INSERT INTO `games` (`gameId`, `name`, `registrationStart`, `registrationEnd`, `gamePage`, `maxTeams`) VALUES
(1,	'Counter Strike',	    '2024-01-29',	'2025-02-21',	'test',	16),
(2,	'League of legends',    '2023-10-17',	'2023-11-13',   '# Pravidla\r\n\r\n## Týmy\r\n- Podle počtů týmů organizátoři vyhlásí formát zápasů, a to:\r\n	- **Bo5** nebo **Bo3** nebo pouze **jeden zápas** (možnost knock out stagů)\r\n- Tým se sestává z **5 hráčů**, je možnost nahlášení náhradníků\r\n	- Lidé, kteří nejsou přihlášeni jako součást týmu (náhradníci včetně) se nesmí zúčastnit 		turnaje\r\n- Každý tým musí vyhlásit svého **zástupce, kapitána**\r\n- Každý tým musí poskytnout svá **skutečná jména a in-game nicky** všech hráčů i náhradníků, které budou zveřejněna na startovní listině\r\n- Složení týmu se **nesmí změnit po datu** stanoveném organizátory z řad SPGT\r\n- Jméno týmu **nesmí být ofenzivní a urážlivé a nevhodné**. Právo o tomto rozhodovat si vyhrazují organizátoři\r\n\r\n## Hráč\r\n- Nahlášené jméno se od doby nahlášení až do vyhlášení výsledků nesmí změnit\r\n- Jméno nesmí být ofenzivní a urážlivé a nevhodné. Právo o tomto rozhodovat si vyhrazují organizátoři z řad SPGT\r\n\r\n## Hra\r\n- Champ select začíná, jakmile kapitáni obou týmů hlasovou nebo textovou formou potvrdí připravenost týmu\r\n- Hra se uskutečňuje na mapě **summoners rift**\r\n- Turnajový draft pick s 5ti bany (3+2)\r\n- Draft bude probíhat na stránkách: https://draftlol.dawe.gg (z důvodu že né všichni mají všechny champy)\r\n- Hráči jsou povinni se seřadit v normálním **LCS pořadí** (top, jungle, mid, bot, support)\r\n- Blue a Red strana je před bitvou náhodně vybrána a potom se střídá\r\n- Hra je ukončena vítězstvím jedné strany pokud\r\n	- Je zničen nexus některého z týmů\r\n	- Kapitulace jednoho z týmů (od 15. minuty)\r\n	- Kapitán týmu vyhlásí kapitulaci týmu organizátorům (V jakýkoliv čas)\r\n- Pokud bude hra stagnovat (bude dlouho rovná) bude přerušena a vítěz bude vyhlášen organizátory na základě statistik\r\n- Po hře se výhra mezi organizátory diskutuje a proběhne rozhodnutí o uznání vítězství. Tým, který hru \"vyhraje\", nemusí být na základě porušení pravidel uznán za vítěze\r\n	- Změnit rozhodnutí si organizátoři vyhrazují i jakýkoliv čas po zápasu\r\n- Hra se odehrává na **EUNE serveru**\r\n- **Exploitování** neboli využívání skrytých herních mechanik nebo bugů, které nejsou společností Riot Games ve hře úmyslně je **zakázané**\r\n- **Externí programy**, které nejsou v rozporu s Riot Games, např.: porofessor, blitz, mobalytics ad. jsou **povoleny**\r\n\r\n## Problémy\r\n- Pokud se vyskytne problém při loading screen a bude zapotřebí odehrát nový zápas je povinností obout týmů zvolit si naprosto **stejné championy** se stejnými schopnostmi a runami. Toto bude kontrolováno a jinak **trestáno** jako porušení pravidel\r\n- Pokud se vyskytne chyba v jakékoliv fázi před-hry (lobby až loading screen) může kapitán nahlásit organizátorům tuto chybu a organizátoři jsou povinni ji řešit například restartem hry\r\n- Je možnost se odvolat kvůli chybě hráče na změnu run. Pak je hra restartována. Tato výsada je **pouze jedna** na celý tým po dobu celého turnaje\r\n- Pokud se některý hráč ihned po startu hry nepřipojí hra bude pozastavena do doby, než se do hry připojí všech 10 hráčů.\r\n- Pokud se hráč nedostaví do lobby nebo do samotné hry ani po 10 minutách čekání bude **tým diskvalifikován**\r\n	- Pokud je příčinnou faktor neovlivnitelný bude zváženo odsunutí zápasu\r\n- Hráč může pozastavit hru jen pokud:\r\n	- Se nějaký hráč **neúmyslně odpojí**\r\n	- Malfunkce hardwaru nebo samotné aplikace LoL\r\n	- **Chyba vybavení** a prostředí (rozbitá židle, událost v domě, která nelze odložit)\r\n	- **Zranění** nebo jiná kondice (například nutnost si dojít pro léky)\r\n- Pauza může být pouze **15 minut na tým** kvůli chybě daného hráče a 20 minut, pokud je to chyba hry nebo další.\r\n- Ostatní hráči nesmí zrušit pauzu\r\n- Pokud hra například crashne, můžou organizátoři vyhlásit vítěze na základě:\r\n	- Rozdíl goldů mezi týmy **větší jak 33%**\r\n	- Rozdíl mezi zničenými nebo stojícími turretami je **7 nebo více**\r\n	- Rozdíl ve zničených nebo stojících inhibitorů je **2 a více**\r\n	- Rozdíl mezi živými nebo mrtvými championy je **4 a více**\r\n\r\n## Komunikace\r\n- Hráči mají povinnost se dostavit na discord **10 minut před** turnajem do místnosti obecné, kde jim budou zděleny podrobnosti k zápasu\r\n- Komunikace probíhá mezi členy týmů **výhradně přes discord** , a to na serveru GT tournament v příslušných roomkách, kam budete přeřazeni\r\n- V in-game chatu, lobby chatu a champ select chatu je psát zprávy povoleno\r\n- Je zakázáno psát urážlivé, nevhodné i zprávy s úmyslem soupeře naštvat nebo vyhrožování\r\n	- To se vztahuje i na zprávy „EZ“, „?“, „cy@“, atd.\r\n\r\n## Organizátoři\r\n- Vyhrazují si právo zasahovat do zápasu jako například nařídit pauzu.\r\n- Rozhodnout spor mezi hráči\r\n- Přerušit nebo ukončit hru\r\n- Diskvalifikovat tým na základě porušení pravidel nebo obecných pravidel chování\r\n- Rozhodovat o výsledku zápasu\r\n',	9),
(3,	'Minecraft',	        '2023-10-17',	'2023-11-13',   '# Pravidla\r\n\r\n1. **Zakazuje se:**\r\n\r\n	1. Používat jakékoli hacky, cheaty, mody (krom specificky povolených), resourcepacky co by dávaly výhody ve hře (např. Xray) – (máme anticheat!)\r\n		1. Specificky povolené módy jsou: Sodium, Lithium, Iris, and Starlight.\r\n			1. Pokud používáte OptiFine je nutno **vypnout fast math**.\r\n		1. Jiné optimalizační módy je možné použít po domluvě s admin teamem.\r\n	1. Používat jakákoli makra nebo modifikace myši které dávají nefér výhodu ve hře. (např. autoclicker)\r\n		Dále je zakázáno:\r\n			- Přemapovávat si více tlačítel na útok.\r\n			- Dvojklikání\r\n			- Klikat rychleji než 20 cps.\r\n	1. Sledovat stream a tím neférově získávat informace o ostatních týmech\r\n	1. Zneužívat exploity ve hře, pokud nějaké znáte (duplikace itemů a podobně) **Hrajte fair-play a bavte se!**\r\n\r\n2. Pro chat na serveru platí stejná pravidla jako na discordu.\r\n\r\n2. **Průběh hry:**\r\n\r\n	1. Turnaj bude probíhat na **verzi Minecraftu 1.20.2 s PVP 1.8**\r\n	1. Pro připojení musíte používat **originální Launcher** hry (warez hráči s i se nemohou zúčastnit)\r\n	1. Turnaj vyhrává tým, který zvítězí ve finální hře\r\n	1. Konkrétní bracket bude uveřejněn na Discordu, bude se odvíjet od počtu nahlášených týmů apod. Organizátoři si vyhrazují právo jej kdykoliv změnit!\r\n	1. Každý tým sestává ze **čtyř hráčů** +- náhradníci, jeden z hráčů má status kapitána týmu\r\n	1. Před zápasem se bude vybírat mapa, kapitán týmu vždy napíše do příslušného kanálu na Discordu hlas za svůj tým, na výběr bude ze 3-5 map, jejichž podoba bude v předstihu uveřejněna na Discordu\r\n	1. Organizátoři si vyhrazují právo na změnu pravidel kdykoliv během turnaje\r\n	1. Dále si organizátoři vyhrazují právo na vyloučení jakéhokoliv týmu bez udání důvodu (buďte v pohodě a my budeme taky)\r\n',	15),
(4,	'Rocket League',	    '2023-10-17',	'2023-11-13',   '## **Pravidla turnaje**\r\n\r\n **1 Technické problémy**\r\n - Tým je zodpovědný za technický stav svého zařízení. Zápas nemůže být přeložen z důvodu technických problémů, zápas se musí odehrát.\r\n - Každý tým má nárok na 10 min pauzu k vyřešení svých technických problémů. Pokud se během tohoto časového úseku problémy nevyřeší je tým nucen odehrát zápas s hráči, kteří jsou schopni hrát, nebo zápas ukončit ve prospěch soupeře.\r\n\r\n **2 Obecná pravidla**\r\n - Týmy budou hrát všichni proti všem.\r\n - Zápasy se odehrávají hned po skončení předchozího zápasu.\r\n - Nezapomeňte, že právě vy můžete být streamováni, proto byste měli poslouchat pokyny na twitchi.\r\n - Jakýkoliv admin má právo sledovat zápas. ▪ Spectatovat mohou pouze admini.\r\n - Je zakázáno mít nevhodné názvy týmu, nicky hráčů a nadávat si v zápase.\r\n -  Admin může trestat vyřazením týmu z turnaje, v nejhorším případě může být hráč zabanován.\r\n - Tým, který se kvalifikuje do finále, musí finále odehrát ve stejném složení hráčů, se kterýma se kvalifikoval.\r\n - Ve skupinách rozhoduje nejprve vzájemný zápas, poté rozdíl skóre.\r\n - Po každém zápase kapitáni pošlou screen statistik zápasu.\r\n - Organizátor si vyhrazuje právo na změnu pravidel.\r\n\r\n**3 Nastavení hry**\r\n - Server: Evropa ▪ Mapy: DHF Stadium\r\n - Herní režim: Private Match\r\n - Sestava: 2v2\r\n - Formát: BO1-skupiny (BO3 – pavouk, BO5 - Finále)\r\n - Čas zápasu: 5 minut Match zakládají komentátoři a admini, typ Name+password.\r\n\r\n**4 Nedostavení se k zápasu**\r\n - Pokud se tým účastnící se turnaje nedostaví 15 minut po oficiálním času zahájení turnaje je diskvalifikován.\r\n\r\n**5 Protest**\r\n - Pokud zápas proběhl nekorektně, má tým 10 minut po skončení zápasu na podání protestu. Protest musí obsahovat média, která jasně prokáží porušení pravidel, která vedla k ovlivnění výsledků nebo zápasové série. Tým je zodpovědný za důkaz, který poskytne (např. screenshot).\r\n\r\n**6 Komunikace a podpora**\r\n - Veškerá komunikace s administrátorem probíhá na discordu v místnosti Rocket League a \"chat-k-turnaji,\" kde musíte být přítomni po celou dobu odehrávání turnaje.\r\n - Na tomto discordu se postují i informace ohledně turnaje.\r\n',	32),
(5,	'Valorant',	            '2023-10-17',	'2023-11-13',   '# Pravidla\r\n\r\n## Formát zápasů\r\n- hraje se 5 vs 5 hráčů, minimální počet hráčů, ve kterém lze zápas dohrát jsou 4 (v jednom týmu)\r\n-  Pokud se soupeř nedostaví na zápas do 15 minut po jeho oficiálním začátku, bude zápas kontumován ve prospěch týmu, který se dostavil\r\n- hra končí ve chvíli, kdy jeden z týmů dovrší 13 vyhraných kol (nehraje se overtime)\r\n- každý tým má právo na 5 minut pauzy\r\n\r\n##  Výběr map\r\n- dostupné mapy k volbě (kompetetivní)\r\n- Ascent,Bind,Breeze,Haven,Lotus,Split,Sunset\r\n1.  Týmy se střídají v postupném banování map na stránce https://www.mapban.gg/cs/ban/valorant/competitive ,\r\n v sekci s 1 hvězdou (Do or die).\r\n2. Tým, který je na řadě si vybere mapu, kterou chce hrát.\r\n3. Druhý tým si vybere stranu na vybrané mapě.\r\n\r\n## Zákazy\r\n- zákaz všech externích programů, které nějak mění vlastnosti hry nebo poskytují výhodu nad soupeřem (cheaty), platí také pro tzv. \"low graphic mody\"\r\n- je zakázáno využívat bugů map, pokud se však hráč na pozici nedostane legální cestou (vysazení od spoluhráče)\r\n',	29),
(6,	'Rainbow Six: Siege',   '2023-10-17',	'2023-11-13',   '## Pravidla hry:\r\n\r\n\r\n\r\n***Formát hry:***\r\n\r\n-   Zápas se hraje formou 5 na 5 hráčů. Minimální počet hráčů v každém z týmů, který je nutný k zahájení zápasu, je 5.\r\n\r\n\r\n- Zápas se hraje jako ve formě Ranked módu :\r\n\r\n\r\n\r\n\r\n\r\n	1. Kdo má první 4 body vyhrál, pokud je remíza, hraje se první overtime, pokud bude remíza znova, tak bude náhlá smrt.\r\n\r\n	2. Preparation phase bude 45 sekund\r\n\r\n	3. Action phase bude 3 minuty\r\n\r\n	4. Defuse phase bude 45 vteřin\r\n\r\n	5. Plant time a defuse time bude 7 vteřin\r\n\r\n	6. Každý tým může zabanovat jednoho útočníka a jednoho obránce\r\n\r\n\r\n\r\n***Povinnosti hráčů:***\r\n\r\n-   Každý tým musí poskytnout skutečná jména, in game nicky a Ubisoft jména všech hráčů i náhradníků, jména a nicky budou zveřejněny na startovní listině.\r\n\r\n-   Hráči musí mít minimálně lvl 50\r\n\r\n-   Oficiální soupisky týmů vycházejí ze soupisky uvedené při registraci.\r\n\r\n-   Každý hráč je povinen mít při oficiálním zápase shodné Ubisoft jméno s hodnotou, kterou uvedl při přihlášení do turnaje.\r\n\r\n\r\n\r\n\r\n***Mapy:***\r\n\r\n-   Pickování a banování map bude probíhat na stránce [https://www.mapban.gg/en/ban/r6s/ranked](https://www.mapban.gg/en/ban/r6s/ranked)\r\n\r\n-   Týmy se budou střídat v banování map\r\n\r\n  ***Hratelné mapy:***\r\n\r\n\r\nOregon, Club house, Consulate, Bank, Kanal, Chalet, Kafe Dostoyevsky, Border, Skyscraper, Coastline, Theme park, Villa, Outback, Emerald plains, Stadium bravo, Nighthaven labs\r\n\r\n\r\n\r\n***Vyhodnocení zápasů:***\r\n\r\n-   Kapitáni týmů jsou povinni zaslat na konci hry screenshot výsledkové tabulky\r\n\r\n\r\n\r\n\r\n***Server hosting:***\r\n\r\n-   Hru vytváří kapitán útočícího týmu, po provedení banování map\r\n\r\n-   Kapitán vytvoří hru, podle zaslaného návodu\r\n\r\n-   Kapitán následně pozve členy svého týmu a kapitána protějšího týmu do hry\r\n\r\n-   Kapitán protějšího týmu následně pozve členy svého týmu\r\n\r\n-   Jakýkoliv úmyslný problém se začátkem hry může vést k diskvalifikaci\r\n\r\n-   Pokud nastane pádný technický problém před ukončením druhého kola po souhlasů adminů, musí oba týmy začínat hru novou.\r\n\r\n-   Jakýkoliv výpadek po tomto čase bude podle rozhodnutí admina\r\n\r\n\r\n\r\n\r\n***Zákazy:***\r\n\r\n-   Je zakázáno jakékoliv používání externích programů, které mění vlastnosti hry, anebo zvýhodňují hráče oproti ostatním.\r\n\r\n-   Smurfing a hosting je zakázán\r\n\r\n\r\n\r\n\r\n***Admini:***\r\n\r\n-   Admin má právo sledovat průběh zápasu ze spectator modu přímo na serveru, jak na discordu, tak ve hře.\r\n\r\n-   Admin může kontumačně vyřadit jakýkoliv tým, po konzultaci s admin týmem, pokud mu akce určitého týmu připadají nevhodné\r\n',	4);

INSERT INTO `matches` (`matchId`, `stageId`, `firstTeamId`, `secondTeamId`, `firstTeamResult`, `secondTeamResult`) VALUES
(1,	1,	0,	10,	12,	1),
(2,	1,	12,	18,	5,	0),
(3,	1,	20,	28,	6,	9),
(4,	1,	29,	47,	10,	5),
(6,	1,	1,	2,	16,	2);

INSERT INTO `page` (`name`, `value`) VALUES
('about',	'**GT Tournament** vznikl díky **iniciativě žáků Gymnázia Tišnov**, kteří jej od začátku až do konce celý připravují sami dobrovolně ve svém volném čase. Jedná se o **jedinečnou akci** pro žáky a učitele **středních škol**, která jim dává možnost vyzkoušet si kompetitivní hraní počítačových her **bez nutnosti platit jakékoliv startovné**. Turnaj nyní tvoří **pět hlavních her**, kterými jsou: **CS:GO, Minecraft, League of Legends, Rocket League a Valorant**. Tento rok poprvé přidáváme k těmto hrám i **Rainbow Six: Siege**.\r\n\r\n#\r\n![team foto](https://cdn.discordapp.com/attachments/1167383357919875092/1186346209720418344/GT_Fotonarez-012_1.jpg?ex=66521381&is=6650c201&hm=5746451646f20e194edc22d7bfd406f83c47b3fbc457df398bc1f29a366fd228&)\r\n\r\nOrganizační tým dnes čítá již **25 členů** z různých **středních i vysokých škol po celé ČR**, na organizaci se **může podílet kdokoliv**, kdo má čas a chuť si práci na takovémto projektu vyzkoušet. V rámci tohoto týmu se snažíme novým organizátorům **předat** co nejvíce **zkušeností a znalostí**.\r\n\r\n#\r\n\r\n# Chceš se k nám přidat?\r\n\r\n## Vyplň tento **[dotazník](https://forms.office.com/Pages/ResponsePage.aspx?id=L4Z_txCkG0qX84kWxuJAYZRzs88RZmVFpmQWPITcpzVUNzY4WTFEVDFXRFU5MU1PRkQyR1BPVkpDTS4u)**!\r\n\r\nV případě jakýchkoliv dotazů prosím kontaktuj @xvojta.'),
('rules',	'# Obecná pravidla turnaje\r\n\r\n## Registrace\r\n\r\n- Registrace probíhá přes webové stránky turnaje.\r\n\r\n- Začátek a konec registrace je uveden na stránkách každé hry\r\n\r\n- Každý účastník musí uvést školu, za kterou hraje.\r\n\r\n- Každý účastník se může zaregistrovat pro danou hru právě jednou.\r\n\r\n- Žádní dva účastníci nemohou mít stejný discord.\r\n\r\n- Každý účastník musí být studentem nebo učitelem na střední škole, osmiletém gymnáziu nebo druhém stupni základní školy.\r\n\r\n- Pokud je účastník žákem základní školy a odpovídajících ročníků osmiletého gymnázia, nejsou mu zpřístupněny všechny hry.\r\n\r\n- Každý účastník, který nebude v době turnaje plnoletý, musí před začátkem turnaje poslat vyplněný souhlas rodičů s účastí v turnaji na adresu turnajvpocitacovychhrach@gym-tisnov.cz.\r\n\r\n- Je zakázáno používat vulgární nebo rasistická jména hráčů, vulgární názvy týmů.\r\n\r\n- Každý účastník je povinen se do dvou dnů od registrace připojit na discord GT Tournamentu.\r\n\r\n- Organizátor si vyhrazuje právo vyloučit účastníka z turnaje z důvodu porušení pravidel.\r\n\r\n- Pokud účastník nesouhlasí s rozhodnutím organizátora, může se odvolat k hlavnímu organizátorovi.\r\n\r\n- Každý účastník je na požádání organizátora povinen prokázat, že je studentem na škole zadané při registraci.\r\n\r\n- Tým musí udržovat svou registraci aktuální.\r\n\r\n- Organizátor si vyhrazuje právo rozhodovat o případných trestech individuálně.\r\n\r\n- Organizátor si vyhrazuje právo měnit pravidla a rozhodovat o případných nesrovnalostech.\r\n\r\n## Průběh turnaje\r\n\r\n- Účastník musí dodržovat pravidla hry, ve které soutěží.\r\n\r\n- Účastník, který se účastní právě probíhajícího zápasu, se nesmí při hře dívat na stream daného zápasu.\r\n\r\n- Je zakázáno podvádět.\r\n\r\n- Organizátor si vyhrazuje právo vyloučit hráče či tým z turnaje za nesportovní chování po domluvě s hlavním organizátorem.\r\n\r\n- Je zakázáno používat vulgární výrazy. (v herním chatu, v chatu na Twitchi, v rozhovoru s organizátory a komentátory)\r\n\r\n- Účastník je povinen připravit se ke hře v dostatečném předstihu, aby nezdržoval průběh turnaje.\r\n\r\n- Turnaje se nemůže účastnit nezaregistrovaný člověk.\r\n\r\n- Účastník musí během hry používat přezdívku, kterou zadal do registračního formuláře.\r\n\r\n- Účastník musí být po dobu hry přítomen na discordu GT Tournamentu.\r\n'),
('sponsors',	'## [ARTIN](https://artin.eu/)\r\n[![Logo ARTIN](https://pisnestredozeme.cz/uploads/images/ARTIN_logo_oranzove.png)](https://artin.eu/)\r\n\r\n## [Jihomoravský kraj](https://www.jmk.cz/)\r\n[\r\n![Logo jmk](https://gttournament.cz/static/media/jmk_logo.d6047092.svg)](https://www.jmk.cz/)\r\n\r\n## [Jihomoravská rada dětí a mládeže](https://jrdm.cz/)\r\n[![Logo jrdm](https://gttournament.cz/static/media/JRDM_logo.9501bf34.svg)](https://jrdm.cz/)\r\n## [Helkor.eu](https://link.helkor.eu/from-gtt)\r\n[![Logo Helkoru.eu](https://gttournament.cz/static/media/helkor_logo.1cb20cff.png)](https://link.helkor.eu/from-gtt)\r\n## [FakaHeda](https://www.fakaheda.eu/)\r\n[![Logo FakaHeda.eu](https://gttournament.cz/static/media/fakaheda_logo.721aae6c.png)](https://www.fakaheda.eu/)\r\n\r\n## [MŠMT](https://www.msmt.cz/)\r\n[![Logo MŠMT](https://gttournament.cz/static/media/msmt_logo.7d9c1332.svg)](https://www.msmt.cz/)'),
('winners',	'# 2023\r\n\r\n# Counter Strike 2\r\n\r\n**PodVodníci Esports** - Střední průmyslová škola Jedovnice\r\n\r\n# League of Legends\r\n\r\n**Gymbuc Elite** - Gymnázium a obchodní akademie Bučovice\r\n\r\n# VALORANT\r\n\r\n**Young Demons** - Vyšší odborná škola, Střední průmyslová škola a Střední odborná škola řemesel a služeb, Strakonice\r\n\r\n# Rainbow six: Siege\r\n\r\n**VAKANDYS** - VAKANTIS střední škola a vyšší odborná škola s.r.o., Českých Budějovicích\r\n\r\n# Rocket League\r\n\r\n**Anonymous** - Gymnázium, Strakonice\r\n\r\n# Minecraft\r\n\r\n**Swag** - Akademie - VOŠ, Gymn. a SOŠUP Světlá nad Sázavou\r\n\r\n# _______________\r\n\r\n# *Speciální ceny*\r\n\r\n**Brejchadcz** - Stavba Babylónské věže');

INSERT INTO `generatedRoles` (`generatedRoleId`, `roleName`, `discordRoleId`, `discordRoleIdEligible`, `gameId`, `default`, `minimal`, `maximal`) VALUES
(1, 	'Kapitán',	NULL,	NULL,	1,  CONV('1', 2, 10) + 0,   1,	1),
(2, 	'Hráč',     NULL,	NULL,	1,	CONV('0', 2, 10) + 0,   4,	8),
(3, 	'Kapitán',	NULL,	NULL,	2,	CONV('1', 2, 10) + 0,   1,	1),
(4, 	'Hráč',	    NULL,	NULL,	2,	CONV('0', 2, 10) + 0,   5,	5),
(5, 	'Kapitán',	NULL,	NULL,	3,	CONV('1', 2, 10) + 0,   1,	1),
(6, 	'Hráč',	    NULL,	NULL,	3,	CONV('0', 2, 10) + 0,   5,	5),
(7, 	'Kapitán',	NULL,	NULL,	4,	CONV('1', 2, 10) + 0,   1,	1),
(8, 	'Hráč',	    NULL,	NULL,	4,	CONV('0', 2, 10) + 0,   5,	8),
(9, 	'Kapitán',	NULL,	NULL,	5,	CONV('1', 2, 10) + 0,   1,	1),
(10,	'Hráč',	    NULL,	NULL,	5,	CONV('0', 2, 10) + 0,   5,	5),
(11,	'Kapitán',	NULL,	NULL,	6,	CONV('1', 2, 10) + 0,   1,	1),
(12,	'Hráč',	    NULL,	NULL,	6,	CONV('0', 2, 10) + 0,   5,	5);

INSERT INTO `generatedRolePermissions` (`generatedRolePermissionId`, `permission`, `generatedRoleId`, `gameId`, `eligible`) VALUES
(1,	    'team.kickTeam',	            1,	1,	CONV('1', 2, 10) + 0),
(2,	    'team.kickTeam',	            3,	2,	CONV('1', 2, 10) + 0),
(3,	    'team.kickTeam',	            5,	3,	CONV('1', 2, 10) + 0),
(4,	    'team.kickTeam',	            7,	4,	CONV('1', 2, 10) + 0),
(5,	    'team.kickTeam',	            9,	5,	CONV('1', 2, 10) + 0),
(6,	    'team.kickTeam',	            11,	5,	CONV('1', 2, 10) + 0),
(7,	    'team.generateJoinStringMy',	1,	1,	CONV('1', 2, 10) + 0),
(8,	    'team.generateJoinStringMy',	3,	2,	CONV('1', 2, 10) + 0),
(9,	    'team.generateJoinStringMy',	5,	3,	CONV('1', 2, 10) + 0),
(10,	'team.generateJoinStringMy',	7,	4,	CONV('1', 2, 10) + 0),
(11,	'team.generateJoinStringMy',	9,	5,	CONV('1', 2, 10) + 0),
(12,	'team.generateJoinStringMy',	11,	5,	CONV('1', 2, 10) + 0);

INSERT INTO `registrations` (`userId`, `teamId`, `generatedRoleId`, `nick`, `rank`, `maxRank`) VALUES
(114316488057882015,	23,	9,	'dZGgAVQF',	90,	98),
(115423241599600111,	9,	7,	'bshGMULN',	56,	75),
(122891840080562664,	7,	7,	'CmgYaDjZ',	56,	75),
(127854629519701467,	24,	5,	'vsgPSrXh',	52,	52),
(128643565886368599,	32,	1,	'vLvGnXyf',	8,	6),
(133157668533758956,	46,	5,	'VsWwJlcU',	52,	52),
(135346983583891046,	7,	8,	'aSGCENNA',	56,	75),
(152187585861927981,	49,	7,	'TJXzDNnv',	56,	75),
(167958456256616829,	8,	9,	'stEhdFTw',	90,	98),
(171340011608075314,	21,	11,	'bvbdyXtI',	110,	104),
(180495369209110399,	47,	3,	'GpaAEYiq',	50,	40),
(181789098192617935,	44,	11,	'eocXpais',	110,	104),
(191641884687470159,	18,	3,	'fjsLMnKd',	50,	40),
(196527131886765732,	49,	8,	'MNWvtTiL',	56,	75),
(197021687124812522,	3,	9,	'cLaHxdiO',	90,	98),
(200251383223088009,	11,	5,	'ZcqsVlnu',	52,	52),
(202664666194608140,	36,	9,	'cPCLFXeh',	90,	98),
(203716362039381900,	48,	7,	'FrPyHSek',	56,	75),
(205027058413982778,	50,	1,	'rqWYQGAu',	8,	6),
(208047001690505745,	46,	6,	'zimQnRNE',	52,	52),
(210568825432375324,	7,	8,	'EvNdqWrq',	56,	75),
(213951133483981663,	9,	8,	'xKIVfhom',	56,	75),
(216247281135873714,	41,	5,	'uULtTEMA',	52,	52),
(218622286661641626,	50,	2,	'ujbsNGSN',	8,	6),
(223583337840341299,	38,	5,	'nLVitRKS',	52,	52),
(229110135583090223,	34,	9,	'vqrPsnBL',	90,	98),
(229818971516855648,	13,	5,	'mMxarEKY',	52,	52),
(237320910721799790,	19,	5,	'kETFARxq',	52,	52),
(238029192372996550,	25,	1,	'qTmgvrBM',	8,	6),
(240527686217204163,	20,	3,	'YYqUdpbq',	50,	40),
(244807196256210521,	48,	8,	'vjviwaOe',	56,	75),
(245264889034162910,	37,	7,	'JPUiufxi',	56,	75),
(260789722501059070,	4,	5,	'ckcqsbXj',	52,	52),
(261531789028883487,	32,	2,	'jVuykETv',	8,	6),
(261738660945907003,	37,	8,	'xvwLcRkE',	56,	75),
(263011441390035826,	11,	6,	'rlmmzUOW',	52,	52),
(263117749144541968,	36,	10,	'ycEiJsEO',	90,	98),
(264449522329976832,	14,	5,	'XJencgIK',	52,	52),
(264844386123465975,	10,	3,	'wFSKxnKG',	50,	40),
(269337620579269223,	19,	6,	'CFERGqYM',	52,	52),
(270199586795841280,	13,	6,	'nrAAjkXr',	52,	52),
(274862791274482854,	30,	5,	'BeYNohmF',	52,	52),
(275813607447682171,	36,	10,	'YWaHePDL',	90,	98),
(278397923097316948,	37,	8,	'alKVCZol',	56,	75),
(279118846815094855,	16,	5,	'oRtkKNuw',	52,	52),
(279366087609404974,	10,	4,	'KAEEvxfK',	50,	40),
(281262266628090966,	25,	2,	'cHOoRgBh',	8,	6),
(294241197233593640,	43,	5,	'VmiNPYcR',	52,	52),
(294425712404712387,	40,	7,	'WGnHwUtx',	56,	75),
(303496896338022773,	15,	1,	'EIygFZHj',	8,	6),
(305241067827893758,	23,	10,	'BxFrQVoH',	90,	98),
(308775267319116532,	41,	6,	'LxdxLOKW',	52,	52),
(315241566832246282,	1,	11,	'tKncBSwU',	110,	104),
(315627305004819991,	47,	4,	'QArOtKFR',	50,	40),
(328788219099873695,	32,	2,	'ueLWTrUd',	8,	6),
(337517567558996500,	38,	6,	'HdGydMpX',	52,	52),
(340348688592986321,	28,	3,	'bcrtDdKk',	50,	40),
(341299593402226199,	47,	4,	'KdqzFKOP',	50,	40),
(345890549322198321,	18,	4,	'CBkmMwSD',	50,	40),
(347582572307642716,	30,	6,	'SBIObPGH',	52,	52),
(357520558423104386,	37,	8,	'JiWobvsF',	56,	75),
(362502055008671911,	40,	8,	'QSmyPCRp',	56,	75),
(370206390438049775,	49,	8,	'NJmIKvBN',	56,	75),
(370686293027338550,	12,	3,	'arrHqbnD',	50,	40),
(372909941191587400,	26,	9,	'ghAkicQo',	90,	98),
(373967717616909205,	18,	4,	'sonUgTTj',	50,	40),
(375953821325491781,	24,	6,	'phWHIPOn',	52,	52),
(394846986458938940,	45,	5,	'yFunFXbW',	52,	52),
(396868805910471282,	14,	6,	'RWNhmHKL',	52,	52),
(398363482467833845,	48,	8,	'nZDOsJLT',	56,	75),
(400915768027666758,	14,	6,	'ajxYGlnF',	52,	52),
(404903124396528112,	17,	7,	'UjIOrAEk',	56,	75),
(409774812984742269,	8,	10,	'SyStwgjT',	90,	98),
(410388645127376995,	20,	4,	'SYGblQGb',	50,	40),
(413039573145289980,	37,	8,	'oolebgFm',	56,	75),
(422711014151075039,	43,	6,	'rSgdeuac',	52,	52),
(425217931068325090,	37,	8,	'lGAToDbR',	56,	75),
(426331348027864197,	44,	12,	'EYoVnlFV',	110,	104),
(429706900535330633,	34,	10,	'mYRmtOya',	90,	98),
(438198332554567892,	21,	12,	'MgjokZJh',	110,	104),
(449493313151188066,	39,	5,	'fVvHETmW',	52,	52),
(454778347427732847,	21,	12,	'ckxrZnim',	110,	104),
(457645518040494062,	6,	9,	'yYTeyuAu',	90,	98),
(467627705673116281,	11,	6,	'zAraxXBK',	52,	52),
(469769216065331954,	10,	4,	'rYLEQAbW',	50,	40),
(472724254052176395,	49,	8,	'BCYMpNyS',	56,	75),
(477666619145174984,	11,	6,	'YPGebnRd',	52,	52),
(478269606330756454,	23,	10,	'xuufiZVX',	90,	98),
(482106305586715854,	33,	11,	'odEWEplV',	110,	104),
(494820383597670485,	24,	6,	'rbfIlmEq',	52,	52),
(499819142956725491,	29,	3,	'oDEGCpLK',	50,	40),
(501899400662817393,	3,	10,	'lohmxcHm',	90,	98),
(506743037926388087,	12,	4,	'UPmsLqLt',	50,	40),
(514692134730726593,	45,	6,	'XZjoxokQ',	52,	52),
(522221629712600381,	20,	4,	'AoLcOntP',	50,	40),
(527115745062001265,	45,	6,	'zTBMgVka',	52,	52),
(528858794719371184,	3,	10,	'dmkcdzrC',	90,	98),
(530368045191536958,	42,	1,	'AdkSPJyn',	8,	6),
(539210552970908491,	32,	2,	'JtjouTTR',	8,	6),
(543377292790511452,	8,	10,	'goGUVwaz',	90,	98),
(547660736789827957,	25,	2,	'MRFLlGOH',	8,	6),
(556855068107311159,	41,	6,	'axDAbMjz',	52,	52),
(558712485846031015,	20,	4,	'LIHylAOk',	50,	40),
(569638540202955703,	12,	4,	'ovFHsLnQ',	50,	40),
(572622476684980003,	25,	2,	'onshVcgH',	8,	6),
(574104754800139616,	17,	8,	'hFiPtHJu',	56,	75),
(583011876810095785,	8,	10,	'awWrQlgD',	90,	98),
(586102160611501950,	45,	6,	'hwAafibF',	52,	52),
(591155041076363356,	22,	5,	'dbrXVfVL',	52,	52),
(593735159698754427,	21,	12,	'YRiyYOgr',	110,	104),
(600910816275040509,	35,	9,	'oVyJczFy',	90,	98),
(604300117862656638,	45,	6,	'nKLeeQrr',	52,	52),
(607878437155998458,	47,	4,	'qXpbHizV',	50,	40),
(609174111951229484,	5,	6,	'AvMkxtrn',	52,	52),
(609501751469837405,	27,	11,	'fzINfmTh',	110,	104),
(611310304234984518,	5,	5,	'pLjjkHGP',	52,	52),
(614323981283941882,	37,	8,	'gRLiiXDq',	56,	75),
(614748069869822081,	34,	10,	'mcNspjLo',	90,	98),
(615792461089728686,	32,	2,	'ZSbtJdwQ',	8,	6),
(616945261364507768,	27,	12,	'uZgwWxSB',	110,	104),
(632339539936955775,	39,	6,	'FkPyKwzs',	52,	52),
(635276138286290788,	3,	10,	'efQHQuWD',	90,	98),
(636309848926585574,	31,	11,	'yRplQwLs',	110,	104),
(643029734242031251,	15,	2,	'tVViyxod',	8,	6),
(649738282927244681,	35,	10,	'QpsVwoSx',	90,	98),
(661458046573895246,	27,	12,	'akCaJglo',	110,	104),
(661590831102321224,	45,	6,	'VhqrYnTv',	52,	52),
(662942462583631705,	32,	2,	'cTzkuxgi',	8,	6),
(670290270297068670,	50,	2,	'XivUJReV',	8,	6),
(670747949050110589,	30,	6,	'CcEYVTyN',	52,	52),
(679520845416316756,	14,	6,	'RnheeZfr',	52,	52),
(679836666692930524,	2,	1,	'leYTrolw',	8,	6),
(680328666707858672,	17,	8,	'ReNchVRF',	56,	75),
(689562538176605992,	41,	6,	'zgdxOEXs',	52,	52),
(704083865349703545,	50,	2,	'QFyiWBxg',	8,	6),
(704339218982898451,	31,	12,	'DgssezAU',	110,	104),
(705993395472956683,	48,	8,	'RhDLQEWv',	56,	75),
(709573709153623320,	17,	8,	'TFiSGckz',	56,	75),
(710364615866033955,	6,	10,	'kpdIVAQL',	90,	98),
(710882859130005607,	29,	4,	'TZCbsPLM',	50,	40),
(713639781677090683,	35,	10,	'elnRCiwN',	90,	98),
(725933983030544121,	34,	10,	'FSDuxuiC',	90,	98),
(744503186417265037,	23,	10,	'oRGcQunQ',	90,	98),
(747484379502825926,	38,	6,	'HXHVwuet',	52,	52),
(747569485194445921,	25,	2,	'TTtnKTHO',	8,	6),
(753289327481761119,	8,	10,	'cqoMPoRb',	90,	98),
(754284862186226737,	32,	2,	'PvudyREF',	8,	6),
(764289944210898115,	33,	12,	'PHXqFmWU',	110,	104),
(769023042436412664,	10,	4,	'VsSlAbsu',	50,	40),
(774007414509236186,	7,	8,	'sBXYANzZ',	56,	75),
(776278955783434917,	42,	2,	'BknaFKSg',	8,	6),
(778298216722693350,	27,	12,	'kWberHQR',	110,	104),
(782354328054257936,	25,	2,	'bGXJKKkd',	8,	6),
(783221003621585258,	3,	10,	'THJcRTmV',	90,	98),
(798209625306537808,	7,	8,	'VCYfccLv',	56,	75),
(799404534302200737,	21,	12,	'KffiPytY',	110,	104),
(800136675271274892,	19,	6,	'tzDZhVQB',	52,	52),
(800368402471736591,	22,	6,	'kHDJlgSv',	52,	52),
(817942517970237079,	1,	12,	'NXHQvsww',	110,	104),
(831711283506519328,	10,	4,	'xLcCSvTj',	50,	40),
(841354685236581287,	43,	6,	'sXrnWSUI',	52,	52),
(845738817454123056,	18,	4,	'HPUfHvCF',	50,	40),
(859505747524140731,	1,	12,	'AJwpGdDq',	110,	104),
(860412147487103086,	41,	6,	'gBmJbuXn',	52,	52),
(866632605299128385,	21,	12,	'EHwmTEtS',	110,	104),
(874339023309243244,	47,	4,	'TPRpYJvZ',	50,	40),
(875308521176365536,	4,	6,	'nrnWvFoe',	52,	52),
(875406866682452424,	40,	8,	'BOPDvdEL',	56,	75),
(882399719889812866,	46,	6,	'mZRQxNRm',	52,	52),
(893405267866395249,	25,	2,	'QKrSRvjA',	8,	6),
(897840685781230908,	3,	10,	'iNSrYbbR',	90,	98),
(901722816808694314,	40,	8,	'IPmTYbQj',	56,	75),
(906303738394292777,	30,	6,	'tQgsCNOf',	52,	52),
(907868165296841634,	29,	4,	'odWOwLOx',	50,	40),
(918086561645738038,	27,	12,	'jpgmrIru',	110,	104),
(921560514998994019,	30,	6,	'DrtoQUTi',	52,	52),
(926554689236126118,	31,	12,	'EEvppyjE',	110,	104),
(931764411591031003,	27,	12,	'NwJiwlWY',	110,	104),
(936736082693321213,	40,	8,	'igvcdxZc',	56,	75),
(941693862418683044,	35,	10,	'sEACpvnR',	90,	98),
(944849240707485390,	1,	12,	'JtnDmQKK',	110,	104),
(950765650780318114,	48,	8,	'QglINLsg',	56,	75),
(951573058467031941,	36,	10,	'mlsbAvKM',	90,	98),
(953697047936757764,	33,	12,	'lDNXHSaC',	110,	104),
(956405130556594181,	16,	6,	'oNShdRFC',	52,	52),
(956970295833491252,	31,	12,	'MgRdTalz',	110,	104),
(958221187766200843,	39,	6,	'xierdPGI',	52,	52),
(958235370834436694,	18,	4,	'iDkphAfY',	50,	40),
(959699896155367544,	13,	6,	'GqVRrScV',	52,	52),
(960131077315583878,	8,	10,	'AWFjRMHg',	90,	98),
(964787437554689618,	31,	12,	'KVeaUHiU',	110,	104),
(967842553890510842,	32,	2,	'njsecdlW',	8,	6),
(971678140261538066,	33,	12,	'tGDcVexy',	110,	104),
(971780104158827543,	41,	6,	'GhiSotGL',	52,	52),
(980196359745793999,	33,	12,	'fgOCWJsv',	110,	104),
(980914918733810595,	44,	12,	'aqtwhmsy',	110,	104),
(981095775336091930,	25,	2,	'srlQpwTT',	8,	6),
(982223464244205077,	50,	2,	'test',	8,	6),
(990199133719060128,	2,	2,	'test',	8,	6);

INSERT INTO `schools` (`schoolId`, `name`) VALUES
(1,	'1. IT Gymnázium, s.r.o.'),
(2,	'1. kladenská soukromá střední škola a základní škola 1. KŠPA, s.r.o.'),
(3,	'1. Scio Střední škola, s.r.o.'),
(4,	'1. Slovanské gymnázium a jazyková škola s právem státní jazykové zkoušky'),
(5,	'ACADEMIA MERCURII soukromá střední škola, s. r. o.'),
(6,	'AKADEMIA Gymnázium, Základní škola a Mateřská škola, s. r. o.'),
(7,	'Akademické gymnázium a Jazyková škola s právem státní jazykové zkoušky, školy hlavního města Prahy'),
(8,	'Akademie řemesel Praha - Střední škola technická'),
(9,	'Akademie SOUVIN, střední škola'),
(10,	'Akademie VŠEM - střední škola, s.r.o.'),
(11,	'Albrechtova střední škola Český Těšín, příspěvková organizace'),
(12,	'Anglo - německá obchodní akademie a.s.'),
(13,	'Arcibiskupské gymnázium'),
(14,	'ART ECON - Střední škola a vyšší odborná škola Praha, s.r.o.'),
(15,	'Bankovní akademie - Gymnázium a Střední odborná škola, a.s.'),
(16,	'BEZPEČNOSTNĚ PRÁVNÍ AKADEMIE BRNO, S.R.O.'),
(17,	'Biskupské gymnázium Brno a mateřská škola'),
(18,	'Biskupské gymnázium J. N. Neumanna, církevní základní škola a základní umělecká škola České Budějovice'),
(19,	'Biskupské gymnázium, církevní základní škola, mateřská škola a základní umělecká škola Hradec Králov'),
(20,	'Boleslavská soukromá střední škola a základní škola, s.r.o.'),
(21,	'Česká zahradnická akademie Mělník - střední škola a vyšší odborná škola, příspěvková organizace'),
(22,	'České reálné gymnázium s.r.o.'),
(23,	'Česko-anglické gymnázium s.r.o.'),
(24,	'Českoslovanská akademie obchodní Dr. Edvarda Beneše, střední odborná škola, Praha 2, Resslova 8'),
(25,	'Českoslovanská akademie obchodní, střední odborná škola, Praha 2, Resslova 5'),
(26,	'Církevní gymnázium v Kutné Hoře'),
(27,	'Církevní střední škola Jana Boska'),
(28,	'Církevní střední zdravotnická škola Jana Pavla II.'),
(29,	'Církevní střední zdravotnická škola s. r. o.'),
(30,	'Creative Hill College, Zlín'),
(31,	'Cyrilometodějské gymnázium a střední odborná škola pedagogická Brno'),
(32,	'Dětský domov, Mateřská škola, Základní škola a Praktická škola, Písek, Šobrova 111'),
(33,	'Dětský domov, Praktická škola, Základní škola a Mateřská škola Nymburk, příspěvková organizace'),
(34,	'Dívčí katolická střední škola'),
(35,	'Doctrina - Podještědské gymnázium, s.r.o.'),
(36,	'DRAPA SPORT - středisko praktického vyučování s.r.o.'),
(37,	'Dvořákovo gymnázium Kralupy nad Vltavou, příspěvková organizace'),
(38,	'Dvouletá katolická střední škola a mateřská škola'),
(39,	'EDUCAnet - gymnázium, střední odborná škola a základní škola Praha, s.r.o.'),
(40,	'EDUCAnet - střední škola a základní škola České Budějovice, s.r.o.'),
(41,	'EKO Gymnázium a Střední odborná škola Multimediálních studií'),
(42,	'EKO GYMNÁZIUM BRNO o. p. s.'),
(43,	'Ekonomické lyceum a Obchodní akademie SOVA, o.p.s.'),
(44,	'Euroškola Česká Lípa střední odborná škola s.r.o.'),
(45,	'Euroškola Praha střední odborná škola s.r.o.'),
(46,	'Euroškola Strakonice střední odborná škola s.r.o.'),
(47,	'Evangelická akademie - Vyšší odborná škola sociální práce a střední odborná škola'),
(48,	'G.A.P.education, střední škola s.r.o.'),
(49,	'Gymnázium a Hudební škola hlavního města Prahy, základní umělecká škola'),
(50,	'Gymnázium a Jazyková škola s právem státní jazykové zkoušky Břeclav, příspěvková organizace'),
(51,	'Gymnázium a obchodní akademie Bučovice, příspěvková organizace'),
(52,	'Gymnázium a obchodní akademie Mariánské Lázně, příspěvková organizace'),
(53,	'Gymnázium a obchodní akademie Mariánské Lázně, příspěvková organizace'),
(54,	'Gymnázium a Střední odborná škola ekonomická, Sedlčany, Nádražní 90'),
(55,	'Gymnázium a střední odborná škola Mikulov, příspěvková organizace'),
(56,	'Gymnázium a Střední odborná škola pedagogická, Čáslav, Masarykova 248'),
(57,	'Gymnázium a Střední odborná škola pedagogická, Liberec, Jeronýmova 425/27, příspěvková organizace'),
(58,	'Gymnázium a Střední odborná škola pedagogická, Nová Paka, Kumburská 740'),
(59,	'Gymnázium a Střední odborná škola pedagogická, Nová Paka, Kumburská 740'),
(60,	'Gymnázium a Střední odborná škola zdravotnická a ekonomická Vyškov, příspěvková organizace'),
(61,	'Gymnázium a ZUŠ, Riegrova 17, Šlapanice'),
(62,	'Gymnázium ALTIS s.r.o.'),
(63,	'Gymnázium ARTION'),
(64,	'Gymnázium Aš, příspěvková organizace'),
(65,	'Gymnázium Aš, příspěvková organizace'),
(66,	'Gymnázium Blansko, příspěvková organizace'),
(67,	'Gymnázium Bohumila Hrabala v Nymburce, příspěvková organizace'),
(68,	'Gymnázium Boskovice, příspěvková organizace'),
(69,	'Gymnázium Boženy Němcové, Hradec Králové, Pospíšilova tř. 324'),
(70,	'Gymnázium bratří Čapků a První české soukromé střední odborné učiliště s.r.o.'),
(71,	'Gymnázium Brno, Elgartova, příspěvková organizace'),
(72,	'Gymnázium Brno, Křenová, příspěvková organizace'),
(73,	'Gymnázium Brno, Slovanské náměstí, příspěvková organizace'),
(74,	'Gymnázium Brno, třída Kapitána Jaroše, příspěvková organizace'),
(75,	'Gymnázium Brno, Vídeňská, příspěvková organizace'),
(76,	'Gymnázium Brno-Bystrc, příspěvková organizace'),
(77,	'Gymnázium Čakovice, Praha 9, nám. 25. března 100'),
(78,	'Gymnázium Cheb, příspěvková organizace'),
(79,	'Gymnázium Cheb, příspěvková organizace'),
(80,	'Gymnázium Christiana Dopplera'),
(81,	'Gymnázium Dr. Antona Randy, Jablonec nad Nisou, příspěvková organizace'),
(82,	'Gymnázium Dr. Josefa Pekaře, Mladá Boleslav, Palackého 211'),
(83,	'Gymnázium Dr. Karla Polesného Znojmo, příspěvková organizace'),
(84,	'Gymnázium Duhovka s.r.o.'),
(85,	'Gymnázium Elišky Krásnohorské, Praha 4 - Michle, Ohradní 55'),
(86,	'Gymnázium F. X. Šaldy, Liberec 11, Partyzánská 530, příspěvková organizace'),
(87,	'Gymnázium Františka Palackého, Neratovice, Masarykova 450'),
(88,	'Gymnázium Globe, s. r. o.'),
(89,	'Gymnázium Hostivice, příspěvková organizace'),
(90,	'Gymnázium Ivana Olbrachta, Semily, Nad Špejcharem 574, příspěvková organizace'),
(91,	'Gymnázium J. A. Komenského, Nové Strašecí, Komenského nám. 209'),
(92,	'Gymnázium J. G. Mendela a jeho zař. a ZUŠ, Mendlovo nám. č. p. 1, č. o. 3/4, Brno'),
(93,	'Gymnázium J. K. Tyla, Hradec Králové, Tylovo nábř. 682'),
(94,	'Gymnázium J. S. Machara, Brandýs nad Labem - Stará Boleslav, Královická 668'),
(95,	'Gymnázium J. Seiferta o.p.s.'),
(96,	'Gymnázium J. V. Jirsíka, České Budějovice, Fráni Šrámka 23'),
(97,	'Gymnázium Jana Blahoslava, Lány 2, Ivančice'),
(98,	'Gymnázium Jana Keplera, Praha 6, Parléřova 2'),
(99,	'Gymnázium Jana Nerudy, škola hlavního města Prahy, Praha 1, Hellichova 3'),
(100,	'GYMNÁZIUM JANA PALACHA PRAHA 1, s.r.o.'),
(101,	'Gymnázium Jana Palacha, Mělník, Pod Vrchem 3421'),
(102,	'Gymnázium Jaroslava Heyrovského, Praha 5, Mezi Školami 2475'),
(103,	'Gymnázium Jaroslava Žáka, Jaroměř'),
(104,	'Gymnázium Jiřího Gutha-Jarkovského, Praha 1, Truhlářská 22'),
(105,	'Gymnázium Jiřího Ortena, Kutná Hora, Jaselská 932'),
(106,	'Gymnázium Jiřího z Poděbrad, Poděbrady, Studentská 166'),
(107,	'Gymnázium Joachima Barranda, Beroun, Talichova 824'),
(108,	'Gymnázium Josefa Kainara, Hlučín'),
(109,	'Gymnázium Kadaň'),
(110,	'Gymnázium Karla Čapka, Dobříš, Školní 1530'),
(111,	'Gymnázium Karla Sladkovského, Praha 3, Sladkovského náměstí 8'),
(112,	'Gymnázium Karviná, příspěvková organizace Karviná-Nové Město, Mírová 1442'),
(113,	'Gymnázium Matyáše Lercha, Brno, Žižkova 55, příspěvková organizace'),
(114,	'Gymnázium mezinárodních a veřejných vztahů Praha s.r.o.'),
(115,	'Gymnázium Mikuláše Koperníka, Bílovec'),
(116,	'Gymnázium Milady Horákové'),
(117,	'Gymnázium Mnichovo Hradiště, příspěvková organizace'),
(118,	'Gymnázium Mojmírovo náměstí s. r. o.'),
(119,	'Gymnázium Moravský Krumlov, příspěvková organizace'),
(120,	'Gymnázium Opatov, Praha 4, Konstantinova 1500'),
(121,	'Gymnázium Ostrov, příspěvková organizace'),
(122,	'Gymnázium Ostrov, příspěvková organizace'),
(123,	'Gymnázium Oty Pavla, Praha 5, Loučanská 520'),
(124,	'Gymnázium P. Křížkovského s uměleckou profilací, s. r. o.'),
(125,	'Gymnázium Paměti národa, s.r.o.'),
(126,	'Gymnázium Pierra de Coubertina, Tábor, Náměstí Františka Křižíka 860'),
(127,	'Gymnázium Přírodní škola, o.p.s.'),
(128,	'Gymnázium pro zrakově postižené a Střední odborná škola pro zrakově postižené, Praha 5, Radlická 115'),
(129,	'Gymnázium prof. Jana Patočky, Praha 1, Jindřišská 36'),
(130,	'Gymnázium Rájec-Jestřebí, o. p. s.'),
(131,	'Gymnázium Říčany, příspěvková organizace'),
(132,	'Gymnázium Sokolov a Krajské vzdělávací centrum, příspěvková organizace'),
(133,	'Gymnázium Sokolov a Krajské vzdělávací centrum, příspěvková organizace'),
(134,	'Gymnázium Strakonice'),
(135,	'Gymnázium T. G. Masaryka Hustopeče, příspěvková organizace'),
(136,	'Gymnázium T. G. Masaryka, U Školy 39, Zastávka'),
(137,	'Gymnázium Thomase Manna, z. ú.'),
(138,	'Gymnázium Tišnov, příspěvková organizace'),
(139,	'Gymnázium Václava Beneše Třebízského, Slaný, Smetanovo nám. 1310'),
(140,	'Gymnázium Václava Hraběte, Hořovice, Jiráskova 617'),
(141,	'Gymnázium Velké Meziříčí'),
(142,	'Gymnázium Vítězslava Nováka, Jindřichův Hradec, Husova 333'),
(143,	'Gymnázium Vojtecha Mihálika Sereď'),
(144,	'Gymnázium Žamberk'),
(145,	'Gymnázium Zikmunda Wintra Rakovník, příspěvková organizace'),
(146,	'Gymnázium, Benešov, Husova 470'),
(147,	'Gymnázium, Broumov, Hradební 218'),
(148,	'Gymnázium, Čelákovice, J. A. Komenského 414'),
(149,	'Gymnázium, Česká Lípa, Žitavská 2969, příspěvková organizace'),
(150,	'Gymnázium, České Budějovice, Česká 64'),
(151,	'Gymnázium, České Budějovice, Jírovcova 8'),
(152,	'Gymnázium, Český Brod, Vítězná 616'),
(153,	'Gymnázium, Český Krumlov, Chvalšinská 112'),
(154,	'Gymnázium, Dačice, Boženy Němcové 213'),
(155,	'Gymnázium, Dobruška, Pulická 779'),
(156,	'Gymnázium, Frýdlant, Mládeže 884, příspěvková organizace'),
(157,	'Gymnázium, Jablonec nad Nisou, U Balvanu 16, příspěvková organizace'),
(158,	'Gymnázium, Kladno, nám.Edvarda Beneše 1573'),
(159,	'Gymnázium, Kolín III, Žižkova 162'),
(160,	'Gymnázium, Milevsko, Masarykova 183'),
(161,	'Gymnázium, Mimoň, Letná 263, příspěvková organizace'),
(162,	'Gymnázium, Mladá Boleslav, Palackého 191/1'),
(163,	'Gymnázium, Obchodní akademie a Jazyková škola s právem státní jazykové zkoušky Hodonín, příspěvková'),
(164,	'Gymnázium, Písek, Komenského 89'),
(165,	'Gymnázium, Prachatice, Zlatá stezka 137'),
(166,	'Gymnázium, Praha 10, Omská 1300'),
(167,	'Gymnázium, Praha 10, Přípotoční 1337'),
(168,	'Gymnázium, Praha 10, Voděradská 2'),
(169,	'Gymnázium, Praha 2, Botičská 1'),
(170,	'Gymnázium, Praha 4, Budějovická 680'),
(171,	'Gymnázium, Praha 4, Na Vítězné pláni 1160'),
(172,	'Gymnázium, Praha 4, Písnická 760'),
(173,	'Gymnázium, Praha 4, Postupická 3150'),
(174,	'Gymnázium, Praha 5, Na Zatlance 11'),
(175,	'Gymnázium, Praha 5, Nad Kavalírkou 1'),
(176,	'Gymnázium, Praha 6, Arabská 14'),
(177,	'Gymnázium, Praha 8, Ústavní 400'),
(178,	'Gymnázium, Praha 9, Českolipská 373'),
(179,	'Gymnázium, Praha 9, Chodovická 2250'),
(180,	'Gymnázium, Praha 9, Litoměřická 726'),
(181,	'Gymnázium, Praha 9, Špitálská 2'),
(182,	'Gymnázium, Soběslav, Dr. Edvarda Beneše 449/II'),
(183,	'Gymnázium, Strakonice, Máchova 174'),
(184,	'Gymnázium, Střední odborná škola a Střední zdravotnická škola, Jilemnice, příspěvková organizace'),
(185,	'Gymnázium, Střední odborná škola a Vyšší odborná škola, Nový Bydžov'),
(186,	'Gymnázium, Střední odborná škola, Základní škola a Mateřská škola pro sluchově postižené, Praha 2, Ječná 27'),
(187,	'Gymnázium, Střední pedagogická škola, Obchodní akademie a Jazyková škola s právem státní jazykové zk'),
(188,	'Gymnázium, Sušice, Fr. Procházky 324'),
(189,	'Gymnázium, Tanvald, příspěvková organizace'),
(190,	'Gymnázium, Terezy Novákové 2, Brno - Řečkovice'),
(191,	'Gymnázium, Třeboň, Na Sadech 308'),
(192,	'Gymnázium, Trhové Sviny, Školní 995'),
(193,	'Gymnázium, Turnov, Jana Palacha 804, příspěvková organizace'),
(194,	'Gymnázium, Týn nad Vltavou, Havlíčkova 13'),
(195,	'Gymnázium, Tyršova 400, Židlochovice'),
(196,	'Gymnázium, Velké Pavlovice, Pod Školou 10, příspěvková organizace'),
(197,	'Gymnázium, Vlašim, Tylova 271'),
(198,	'Heřmánek Praha, základní škola a gymnázium'),
(199,	'Hořické gymnázium'),
(200,	'Hotelová škola a Gymnázium Radlická'),
(201,	'Hotelová škola Hradec Králové, s. r. o.'),
(202,	'Hotelová škola Mariánské Lázně, příspěvková organizace'),
(203,	'Hotelová škola Mariánské Lázně, příspěvková organizace'),
(204,	'Hotelová škola Mariánské Lázně, příspěvková organizace'),
(205,	'Hotelová škola Poděbrady, příspěvková organizace'),
(206,	'Hotelová škola s. r. o.'),
(207,	'Hotelová škola, Obchodní akademie a Střední průmyslová škola, Teplice, Benešovo náměstí 1, příspěvková organizace'),
(208,	'Hotelová škola, Praha 10, Vršovická 43'),
(209,	'Hudební gymnázium České Budějovice s.r.o.'),
(210,	'I. Německé zemské gymnasium, ZŠ a MŠ, o.p.s., Mendlovo nám. 1/ 3,4, Brno'),
(211,	'Integrovaná střední škola Cheb, příspěvková organizace'),
(212,	'Integrovaná střední škola Cheb, příspěvková organizace'),
(213,	'Integrovaná střední škola Hodonín, příspěvková organizace'),
(214,	'Integrovaná střední škola hotelového provozu, obchodu a služeb, Příbram, Gen. R. Tesaříka 114'),
(215,	'Integrovaná střední škola Rakovník, příspěvková organizace'),
(216,	'Integrovaná střední škola Slavkov u Brna, příspěvková organizace'),
(217,	'Integrovaná střední škola technická a ekonomická Sokolov, příspěvková organizace'),
(218,	'Integrovaná střední škola technická a ekonomická Sokolov, příspěvková organizace'),
(219,	'Integrovaná střední škola technická Mělník, příspěvková organizace'),
(220,	'Integrovaná střední škola technická, Benešov, Černoleská 1997'),
(221,	'Integrovaná střední škola, , Sokolnice 496'),
(222,	'Integrovaná střední škola, Mladá Boleslav, Na Karmeli 206'),
(223,	'Integrovaná střední škola, Vysoké nad Jizerou, Dr. Farského 300, příspěvková organizace'),
(224,	'ISŠ - COP, Olomoucká 61, Brno'),
(225,	'ISŠ automobilní, Křižíkova 15, Brno'),
(226,	'Jazykové gymnázium Pavla Tigrida'),
(227,	'Jedličkův ústav a Mateřská škola a Základní škola a Střední škola'),
(228,	'JEZDECKÁ AKADEMIE - střední odborná škola Mariánské Lázně s.r.o.'),
(229,	'JEZDECKÁ AKADEMIE – střední odborná škola Mariánské Lázně s. r. o.'),
(230,	'Jiráskovo gymnázium, Náchod, Řezníčkova 451'),
(231,	'K-TV-středisko praktického vyučování, s.r.o.'),
(232,	'Karlínské gymnázium, Praha 8, Pernerova 25'),
(233,	'Klasické gymnázium Modřany a základní škola, s.r.o.'),
(234,	'Klvaňovo gymnázium a střední zdravotnická škola Kyjov, příspěvková organizace'),
(235,	'Konzervatoř a střední škola Jana Deyla, příspěvková organizace'),
(236,	'Konzervatoř a Vyšší odborná škola Jaroslava Ježka'),
(237,	'Konzervatoř Brno, příspěvková organizace'),
(238,	'Konzervatoř Duncan centre, Praha 4, Branická 41'),
(239,	'Konzervatoř, České Budějovice, Kanovnická 22'),
(240,	'Křesťanská střední škola, základní škola a mateřská škola Elijáš, Praha 4 - Michle'),
(241,	'Křesťanské gymnázium'),
(242,	'Labská střední odborná škola a Střední odborné učiliště Pardubice, s. r. o'),
(243,	'Lauderova mateřská škola, základní škola a gymnázium při Židovské obci v Praze'),
(244,	'Lékařské a přírodovědné GYMNÁZIUM PRIGO PRAHA, s.r.o.'),
(245,	'Lepařovo gymnázium, Jičín, Jiráskova 30'),
(246,	'Malostranské gymnázium, Praha 1, Josefská 7'),
(247,	'Manažerská akademie, soukromá střední škola'),
(248,	'Masarykova obchodní akademie, Jičín, 17. listopadu 220'),
(249,	'Masarykova obchodní akademie, Rakovník, Pražská 1222'),
(250,	'Masarykova střední škola chemická, Praha 1, Křemencova 12'),
(251,	'Masarykova střední škola Letovice, příspěvková organizace'),
(252,	'Masarykovo klasické gymnázium, s.r.o.'),
(253,	'Mateřská škola speciální, Základní škola a Praktická škola Diakonie ČCE Čáslav'),
(254,	'Mateřská škola, základní škola a gymnázium sv. Augustina'),
(255,	'Mateřská škola, základní škola a praktická škola Boskovice, příspěvková organizace'),
(256,	'Mateřská škola, Základní škola a Praktická škola při centru ARPIDA, o.p.s.'),
(257,	'Mateřská škola, základní škola a praktická škola Znojmo, příspěvková organizace'),
(258,	'Mateřská škola, Základní škola a Praktická škola, České Budějovice, Štítného 3'),
(259,	'Mateřská škola, Základní škola a Praktická škola, Jindřichův Hradec, Jarošovská 1125/II'),
(260,	'Mateřská škola, Základní škola a Praktická škola, Strakonice, Plánkova 430'),
(261,	'Mateřská škola, Základní škola a Praktická škola, Trhové Sviny, Nové Město 228'),
(262,	'Mateřská škola, základní škola a střední škola Daneta, s. r. o.'),
(263,	'Mateřská škola, základní škola a střední škola Gellnerka Brno, příspěvková organizace'),
(264,	'Mateřská škola, základní škola a střední škola pro sluchově postižené, České Budějovice, Riegrova 1'),
(265,	'Mateřská škola, základní škola a střední škola Vyškov, příspěvková organizace'),
(266,	'Mateřská škola, základní škola speciální a praktická škola Diakonie ČCE Rolnička Soběslav'),
(267,	'Mendelova Střední Škola It a Veřejnosprávní, Nový Jičín'),
(268,	'Mensa gymnázium, o.p.s.'),
(269,	'Městská střední odborná škola, Klobouky u Brna, nám. Míru 6, příspěvková organizace'),
(270,	'Městské víceleté gymnázium Klobouky u Brna, příspěvková organizace'),
(271,	'Metropolitní gymnázium'),
(272,	'Metropolitní odborná umělecká střední škola Praha 4 s.r.o.'),
(273,	'Mezinárodní Konzervatoř Praha - International conservatory Prague, s.r.o.'),
(274,	'MICHAEL - Střední škola a Vyšší odborná škola reklamní a umělecké tvorby, s.r.o.'),
(275,	'Moravské gymnázium Brno s. r. o.'),
(276,	'Naše lyceum - střední škola s.r.o.'),
(277,	'Obchodní akademie a Jazyková škola s právem státní jazykové zkoušky Mladá Boleslav, příspěvková organizace'),
(278,	'Obchodní akademie a Jazyková škola s právem státní jazykové zkoušky, Liberec, Šamánkova 500/8, příspěvková organizace'),
(279,	'Obchodní akademie a Jazyková škola s právem státní jazykové zkoušky, Písek, Čelakovského 200'),
(280,	'Obchodní akademie a Střední odborná škola logistická, Opava'),
(281,	'Obchodní akademie a Střední odborné učiliště Veselí nad Moravou, příspěvková organizace'),
(282,	'Obchodní akademie a Střední zdravotnická škola Blansko, příspěvková organizace'),
(283,	'Obchodní akademie a vyšší odborná škola Brno, Kotlářská, příspěvková organizace'),
(284,	'Obchodní akademie a Vyšší odborná škola sociální, Ostrava-Mariánské Hory, příspěvková organizace'),
(285,	'Obchodní akademie a Vyšší odborná škola, Příbram I, Na Příkopech 104'),
(286,	'Obchodní akademie Bubeneč'),
(287,	'Obchodní akademie Dr. Edvarda Beneše, Slaný, Smetanovo nám. 1200'),
(288,	'Obchodní akademie Dušní'),
(289,	'Obchodní akademie ELDO, o. p. s.'),
(290,	'Obchodní akademie Holešovice'),
(291,	'Obchodní akademie Hovorčovická'),
(292,	'Obchodní Akademie Kroměříž'),
(293,	'Obchodní akademie Neveklov'),
(294,	'Obchodní akademie Praha, s.r.o.'),
(295,	'Obchodní akademie T. G. Masaryka a Jazyková škola s právem státní jazykové zkoušky, Jindřichův Hradec, Husova 156'),
(296,	'Obchodní akademie Vinohradská'),
(297,	'Obchodní akademie, Česká Lípa, náměstí Osvobození 422, příspěvková organizace'),
(298,	'Obchodní akademie, České Budějovice, Husova 1'),
(299,	'Obchodní akademie, Hotelová škola a Střední odborná škola, Turnov, Zborovská 519, příspěvková organizace'),
(300,	'Obchodní akademie, Kolín IV, Kutnohorská 41'),
(301,	'Obchodní akademie, Lysá nad Labem, Komenského 1534'),
(302,	'Obchodní akademie, Praha 10, Heroldovy sady 1'),
(303,	'Obchodní akademie, Praha 3, Kubelíkova 37'),
(304,	'Obchodní akademie, ŠKOLA 2000, s.r.o.'),
(305,	'Obchodní akademie, Střední odborná škola a Jazyková škola s právem státní jazykové zkoušky, Hradec K'),
(306,	'Obchodní akademie, Střední odborná škola a Střední odborné učiliště, Třeboň, Vrchlického 567'),
(307,	'Obchodní akademie, Střední pedagogická škola a Jazyková škola s právem státní jazykové zkoušky, Beroun, U Stadionu 486'),
(308,	'Obchodní akademie, Střední pedagogická škola, Vyšší odborná škola cestovního ruchu a Jazyková škola'),
(309,	'Obchodní akademie, Tábor, Jiráskova 1615'),
(310,	'Obchodní akademie, Vlašim, V Sadě 1565'),
(311,	'Obchodní akademie, Vyšší odborná škola a Jazyková škola s právem státní jazykové zkoušky Uherské Hradiště'),
(312,	'Obchodní akademie, vyšší odborná škola cestovního ruchu a jazyková škola s právem státní jazykové zk'),
(313,	'Obchodní akademie, vyšší odborná škola cestovního ruchu a jazyková škola s právem státní jazykové zkoušky Karlovy Vary, příspěvková organizace'),
(314,	'Odborná střední škola podnikání a mediální tvorby Kolín s.r.o.'),
(315,	'Odborné učiliště a praktická škola Brno, příspěvková organizace'),
(316,	'Odborné učiliště pro žáky s více vadami, s.r.o.'),
(317,	'Odborné učiliště Vyšehrad'),
(318,	'Odborné učiliště, Cvrčovice 131, Pohořelice'),
(319,	'Odborné učiliště, Praktická škola, Základní škola a Mateřská škola Příbram IV, příspěvková organizace'),
(320,	'Praktická škola a Základní škola Lysá nad Labem, příspěvková organizace'),
(321,	'Praktická škola, Základní škola a Mateřská škola Josefa Zemana, Náchod'),
(322,	'Pražská konzervatoř, Praha 1, Na Rejdišti 1'),
(323,	'Pražská taneční konzervatoř a střední odborná škola, s.r.o.'),
(324,	'Pražské humanitní gymnázium, školská právnická osoba'),
(325,	'PROINTEPO – Střední škola, Základní škola a Mateřská škola s. r. o.'),
(326,	'První české gymnázium v Karlových Varech, příspěvková organizace'),
(327,	'První české gymnázium v Karlových Varech, příspěvková organizace'),
(328,	'První soukromá hotelová škola, spol. s r.o.'),
(329,	'První soukromé jazykové gymnázium Hradec Králové spol. s r. o.'),
(330,	'Purkyňovo gymnázium, Strážnice, Masarykova 379, příspěvková organizace'),
(331,	'ScioŠkola Brno – střední škola, s. r. o.'),
(332,	'ŠKODA AUTO a.s., Střední odborné učiliště strojírenské, odštěpný závod'),
(333,	'Škola Jaroslava Ježka, Mateřská škola, základní škola, praktická škola a základní umělecká škola pro zrakově postižené, Praha 1, Loretánská 19 a 17'),
(334,	'Škola Kavčí hory - Mateřská škola, Základní škola a Střední odborná škola služeb, Praha 4, K Sídlišti 840'),
(335,	'Škola mezinárodních a veřejných vztahů Praha, Střední odborná škola, Gymnázium, s.r.o.'),
(336,	'Škola Můj Projekt Mánesova - gymnázium, základní škola a mateřská škola s.r.o.'),
(337,	'Škola Můj Projekt Mánesova – gymnázium, základní škola a mateřská škola s. r. o.'),
(338,	'Smíchovská střední průmyslová škola a gymnázium'),
(339,	'SOŠ a SOU Hustopeče'),
(340,	'SOŠ a SOU stavební, Pražská 38b, Brno - Bosonohy'),
(341,	'SOŠ a SOU strojírenské a elektrotech., Trnkova 113, Brno - Líšeň'),
(342,	'SOŠ zahradnická a SOU, Masarykova 198, Rajhrad'),
(343,	'Soukromá mateřská škola, základní škola a střední škola Slunce, o.p.s.'),
(344,	'Soukromá obchodní akademie Opava s. r. o.'),
(345,	'Soukromá obchodní akademie Podnikatel, spol. s r. o.'),
(346,	'Soukromá obchodní akademie Podnikatel, spol. s r.o.'),
(347,	'Soukromá obchodní akademie Sokolov, s. r. o.'),
(348,	'Soukromá obchodní akademie Sokolov, s.r.o.'),
(349,	'Soukromá podřipská střední odborná škola a střední odborné učiliště'),
(350,	'Soukromá střední odborná škola a Soukromé střední odborné učiliště BEAN, s.r.o.'),
(351,	'Soukromá střední odborná škola manažerská a zdravotnická s. r. o.'),
(352,	'Soukromá střední odborná škola START, s.r.o.'),
(353,	'Soukromá střední průmyslová škola Břeclav, spol. s r. o. CULTUS'),
(354,	'Soukromá střední škola a základní škola 1. KŠPA Praha s.r.o.'),
(355,	'Soukromá střední škola DANAÉ, s.r.o.'),
(356,	'Soukromá střední škola gastronomie s.r.o.'),
(357,	'Soukromá střední škola podnikatelská – ALTMAN, s. r. o.'),
(358,	'Soukromá střední škola výpočetní techniky s.r.o.'),
(359,	'SOUKROMÁ STŘEDNÍ UMĚLECKÁ ŠKOLA DESIGNU, s.r.o.'),
(360,	'Soukromá střední zdravotnická škola Mělník, o.p.s.'),
(361,	'Soukromá výtvarná střední škola s.r.o.'),
(362,	'Soukromé gymnázium ARCUS PRAHA 9, s.r.o.'),
(363,	'Soukromé osmileté gymnázium DINO-HIGH SCHOOL s.r.o.'),
(364,	'Soukromé střední odborné učiliště ATHOZ, spol. s r.o.'),
(365,	'Sportovní gymnázium Ludvíka Daňka, Brno, Botanická 70, příspěvková organizace'),
(366,	'Sportovní gymnázium, Kladno, Plzeňská 3103'),
(367,	'SPŠ a VOŠ technická, Sokolská 1, Brno'),
(368,	'SPŠ, SOŠ a SOU, Hradec Králové, Hradební'),
(369,	'SPV - středisko praktického vyučování, s.r.o.'),
(370,	'Středisko praktického vyučování - CENTRUM 3000 s.r.o.'),
(371,	'Středisko praktického vyučování Asociace starožitníků, s.r.o.'),
(372,	'Středisko praktického vyučování Golden Prague Hotel managed by Fairmont s.r.o.'),
(373,	'Středisko praktického vyučování GRANDHOTEL PUPP o.p.s.'),
(374,	'Středisko praktického vyučování NAKLADATELSTVÍ PRIMUS s.r.o.'),
(375,	'Středisko praktického vyučování truhlářů Ledenice spol. s r.o.'),
(376,	'Středisko praktického vyučování Vinohrady, s.r.o.'),
(377,	'STŘEDISKO PRAKTICKÉHO VYUČOVÁNÍ ZLATNICKÉ A RYTECKÉ, s.r.o.'),
(378,	'Středisko praktického vyučování, Praha 5, Seydlerova 2451'),
(379,	'Střední hotelová škola, Vyšší odborná škola a Jazyková škola s právem státní jazykové zkoušky s.r.o.'),
(380,	'Střední lesnická škola a Střední odborné učiliště, Křivoklát, Písky 181'),
(381,	'Střední lesnická škola Žlutice, příspěvková organizace'),
(382,	'Střední lesnická škola Žlutice, příspěvková organizace'),
(383,	'Střední odborná škola - Centrum odborné přípravy a Gymnázium'),
(384,	'Střední odborná škola a Gymnázium Staré Město'),
(385,	'Střední odborná škola a Střední odborné učiliště dopravní Čáslav, příspěvková organizace'),
(386,	'Střední odborná škola a střední odborné učiliště HEUREKA s.r.o.'),
(387,	'Střední odborná škola a střední odborné učiliště Hustopeče, příspěvková organizace'),
(388,	'Střední odborná škola a Střední odborné učiliště Jílové u Prahy, příspěvková organizace'),
(389,	'Střední odborná škola a Střední odborné učiliště Kuřim'),
(390,	'Střední odborná škola a Střední odborné učiliště řemesel, Kutná Hora, Čáslavská 202'),
(391,	'Střední odborná škola a Střední odborné učiliště Vyškov, příspěvková organizace'),
(392,	'Střední odborná škola a Střední odborné učiliště, Beroun - Hlinky, Okružní 1404'),
(393,	'Střední odborná škola a Střední odborné učiliště, Dubno'),
(394,	'Střední odborná škola a Střední odborné učiliště, Hněvkovice 865'),
(395,	'Střední odborná škola a Střední odborné učiliště, Horky nad Jizerou 35'),
(396,	'Střední odborná škola a Střední odborné učiliště, Hořovice, Palackého náměstí 100'),
(397,	'Střední odborná škola a Střední odborné učiliště, Hradec Králové, Vocelova 1338'),
(398,	'Střední odborná škola a Střední odborné učiliště, Jindřichův Hradec, Jáchymova 478'),
(399,	'Střední odborná škola a Střední odborné učiliště, Kaplice, Pohorská 86'),
(400,	'Střední odborná škola a Střední odborné učiliště, Kladno, Dubská'),
(401,	'Střední odborná škola a Střední odborné učiliště, Kladno, náměstí Edvarda Beneše 2353'),
(402,	'Střední odborná škola a Střední odborné učiliště, Městec Králové, T. G. Masaryka 4'),
(403,	'Střední odborná škola a Střední odborné učiliště, Milevsko, Čs. armády 777'),
(404,	'Střední odborná škola a Střední odborné učiliště, Mladá Boleslav, Jičínská 762'),
(405,	'Střední odborná škola a Střední odborné učiliště, Neratovice, Školní 664'),
(406,	'Střední odborná škola a Střední odborné učiliště, Nymburk, V Kolonii 1804'),
(407,	'Střední odborná škola a Střední odborné učiliště, Písek, Komenského 86'),
(408,	'Střední odborná škola a Střední odborné učiliště, Praha - Čakovice'),
(409,	'Střední odborná škola a Střední odborné učiliště, Vlašim, Zámek 1'),
(410,	'Střední odborná škola a Střední zdravotnická škola Benešov, příspěvková organizace'),
(411,	'Střední odborná škola Čelákovice s.r.o.'),
(412,	'Střední odborná škola civilního letectví, Praha - Ruzyně'),
(413,	'Střední odborná škola EDUCAnet Brno, o. p. s.'),
(414,	'Střední odborná škola ekologická a potravinářská, Veselí nad Lužnicí, Blatské sídliště 600/I'),
(415,	'Střední odborná škola elektrotechnická, Centrum odborné přípravy, Hluboká nad Vltavou, Zvolenovská 537'),
(416,	'Střední odborná škola FORTIKA, Tišnovská 15, Lomnice u Tišnova'),
(417,	'Střední odborná škola informatiky a spojů a Střední odborné učiliště, Kolín, Jaselská 826'),
(418,	'Střední odborná škola Jarov'),
(419,	'Střední odborná škola Karlovy Vary, s. r. o.'),
(420,	'Střední odborná škola Karlovy Vary, s.r.o.'),
(421,	'Střední odborná škola logistických služeb'),
(422,	'Střední odborná škola managementu a práva, s. r. o.'),
(423,	'Střední odborná škola managementu a práva, s.r.o.'),
(424,	'Střední odborná škola MORAVA o. p. s.'),
(425,	'Střední odborná škola multimediální a propagační tvorby, s.r.o.'),
(426,	'Střední odborná škola Nové Město na Moravě'),
(427,	'Střední odborná škola obchodní s.r.o.'),
(428,	'Střední odborná škola podnikání a obchodu, spol. s r.o., Prostějov'),
(429,	'Střední odborná škola podnikatelská PROFIT, spol. s r.o.'),
(430,	'Střední odborná škola pro administrativu Evropské unie, Praha 9, Lipí 1911'),
(431,	'Střední odborná škola sociální a zdravotnická – Evangelická akademie'),
(432,	'Střední odborná škola sociální svaté Zdislavy'),
(433,	'Střední odborná škola stavební a Střední odborné učiliště stavební, Kolín II, Pražská 112'),
(434,	'Střední odborná škola stavební Karlovy Vary, příspěvková organizace'),
(435,	'Střední odborná škola stavební Karlovy Vary, příspěvková organizace'),
(436,	'Střední odborná škola stravování Říčany s.r.o.'),
(437,	'Střední odborná škola strojní a elektrotechnická, Velešín, U Hřiště 527'),
(438,	'Střední odborná škola uměleckořemeslná s.r.o.'),
(439,	'Střední odborná škola veterinární, Hradec Králové-Kukleny, Pražská 68'),
(440,	'Střední odborná škola veterinární, mechanizační a zahradnická a Jazyková škola s právem státní jazykové zkoušky, České Budějovice, Rudolfovská 92'),
(441,	'Střední odborná škola zdravotnická a Střední odborné učiliště, Český Krumlov, Tavírna 342'),
(442,	'Střední odborná škola Znojmo, Dvořákova, příspěvková organizace'),
(443,	'Střední odborná škola, Blatná, V Jezárkách 745'),
(444,	'Střední odborná škola, Frýdek-Místek, příspěvková organizace'),
(445,	'Střední odborná škola, Liberec, Jablonecká 999, příspěvková organizace'),
(446,	'Střední odborná škola, Praha 5, Drtinova 3/498'),
(447,	'Střední odborné učiliště'),
(448,	'Střední odborné učiliště a Praktická škola Kladno - Vrapice, příspěvková organizace'),
(449,	'Střední odborné učiliště a Střední odborná škola SČMSD, Znojmo, s. r. o.'),
(450,	'Střední odborné učiliště gastronomie'),
(451,	'Střední odborné učiliště kadeřnické, Praha 8, Karlínské náměstí 8/225'),
(452,	'Střední odborné učiliště Kyjov, příspěvková organizace od 1. 1. 2022 Střední škola polytechnická Ky'),
(453,	'Střední odborné učiliště Slaný, příspěvková organizace'),
(454,	'Střední odborné učiliště služeb Vodňany, Zeyerovy sady 43/II'),
(455,	'Střední odborné učiliště společného stravování, Poděbrady, Dr. Beneše 413/II'),
(456,	'Střední odborné učiliště stavební, Benešov, Jana Nohy 1302'),
(457,	'Střední odborné učiliště STRAVON spol. s r.o.'),
(458,	'Střední odborné učiliště tradičních řemesel a Vyšší odborná škola, spol. s r. o.'),
(459,	'Střední odborné učiliště zemědělské a služeb, Dačice, nám. Republiky 86'),
(460,	'Střední odborné učiliště, Blatná, U Sladovny 671'),
(461,	'Střední odborné učiliště, Čáslav, Žižkovo nám. 75'),
(462,	'Střední odborné učiliště, Hluboš 178'),
(463,	'Střední odborné učiliště, Hubálov 17'),
(464,	'Střední odborné učiliště, Liběchov, Boží Voda 230'),
(465,	'Střední odborné učiliště, Lišov, tř. 5. května 3'),
(466,	'Střední odborné učiliště, Nové Strašecí, Sportovní 1135'),
(467,	'Střední odborné učiliště, Praha - Radotín'),
(468,	'Střední odborné učiliště, Praha 4, Ohradní 57'),
(469,	'Střední odborné učiliště, Sedlčany, Petra Bezruče 364'),
(470,	'Střední pedagogická škola Boskovice, příspěvková organizace'),
(471,	'Střední pedagogická škola Futurum, s.r.o.'),
(472,	'Střední pedagogická škola, gymnázium a vyšší odborná škola Karlovy Vary, příspěvková organizace'),
(473,	'Střední pedagogická škola, gymnázium a vyšší odborná škola Karlovy Vary, příspěvková organizace'),
(474,	'Střední průmyslová škola a Gymnázium Na Třebešíně'),
(475,	'Střední průmyslová škola a Střední odborné učiliště Pelhřimov'),
(476,	'Střední průmyslová škola a Vyšší odborná škola Chomutov'),
(477,	'Střední průmyslová škola a Vyšší odborná škola, Kladno, Jana Palacha 1840'),
(478,	'Střední průmyslová škola a Vyšší odborná škola, Písek, Karla Čapka 402'),
(479,	'Střední průmyslová škola a Vyšší odborná škola, Příbram II, Hrabákova 271'),
(480,	'Střední průmyslová škola chemická Brno, Vranovská, příspěvková organizace'),
(481,	'Střední průmyslová škola dopravní, a.s.'),
(482,	'Střední průmyslová škola Edvarda Beneše a obchodní akademie Břeclav, příspěvková organizace'),
(483,	'Střední průmyslová škola elektrotechnická Havířov'),
(484,	'Střední průmyslová škola elektrotechnická, Praha 10, V Úžlabině 320'),
(485,	'Střední průmyslová škola elektrotechnická, Praha 2, Ječná 30'),
(486,	'Střední průmyslová škola elektrotechniky a informačních technologií, Dobruška, Čs. odboje 670'),
(487,	'Střední průmyslová škola Emila Kolbena Rakovník, příspěvková organizace'),
(488,	'Střední průmyslová škola Hranice'),
(489,	'Střední průmyslová škola Jedovnice, příspěvková organizace'),
(490,	'Střední průmyslová škola na Proseku'),
(491,	'Střední průmyslová škola Ostrov, příspěvková organizace'),
(492,	'Střední průmyslová škola Ostrov, příspěvková organizace'),
(493,	'Střední průmyslová škola Otty Wichterleho, příspěvková organizace'),
(494,	'Střední průmyslová škola sdělovací techniky, Praha 1, Panská 3'),
(495,	'Střední průmyslová škola stavební a Obchodní akademie arch. Jana Letzela, Náchod, příspěvková organi'),
(496,	'Střední průmyslová škola stavební a Obchodní akademie, Kladno, Cyrila Boudy 2954'),
(497,	'Střední průmyslová škola stavební Brno, příspěvková organizace'),
(498,	'Střední průmyslová škola stavební Josefa Gočára, Praha 4, Družstevní ochoz 3'),
(499,	'Střední průmyslová škola stavební, České Budějovice, Resslova 2'),
(500,	'Střední průmyslová škola stavební, Hradec Králové, Pospíšilova tř. 787'),
(501,	'Střední průmyslová škola stavební, Liberec 1, Sokolovské náměstí 14, příspěvková organizace'),
(502,	'Střední průmyslová škola stavební, Mělník, Českobratrská 386'),
(503,	'Střední průmyslová škola stavební, Plzeň, Chodské nám. 2'),
(504,	'Střední průmyslová škola strojírenská a Jazyková škola s právem státní jazykové zkoušky, Kolín IV, Heverova 191'),
(505,	'Střední průmyslová škola strojní a elektrotechnická a Vyšší odborná škola, Liberec 1, Masarykova 3, příspěvková organizace'),
(506,	'Střední průmyslová škola strojní a elektrotechnická, České Budějovice, Dukelská 13'),
(507,	'Střední průmyslová škola strojní a stavební, Tábor, Komenského 1670'),
(508,	'Střední průmyslová škola strojnická, škola hlavního města Prahy, Praha 1, Betlémská 4/287'),
(509,	'Střední průmyslová škola technická, Jablonec nad Nisou, Belgická 4852, příspěvková organizace'),
(510,	'Střední průmyslová škola textilní, Liberec, Tyršova 1, příspěvková organizace'),
(511,	'Střední průmyslová škola zeměměřická a Geografické gymnázium Praha'),
(512,	'Střední průmyslová škola Zlín'),
(513,	'Střední průmyslová škola, Česká Lípa, Havlíčkova 426, příspěvková organizace'),
(514,	'Střední průmyslová škola, Mladá Boleslav, Havlíčkova 456'),
(515,	'Střední průmyslová škola, Obchodní akademie a Jazyková škola s právem státní jazykové zkoušky, Frýdek Místek'),
(516,	'Střední průmyslová škola, Odborná škola a Základní škola, Nové Město nad Metují'),
(517,	'Střední průmyslová škola, Ostrava - Vítkovice, příspěvková organizace'),
(518,	'Střední průmyslová škola, Střední odborná škola a Střední odborné učiliště, Hradec Králové'),
(519,	'Střední průmyslová škola, Vlašim, Komenského 41'),
(520,	'Střední rybářská škola a Vyšší odborná škola vodního hospodářství a ekologie, Vodňany, Zátiší 480'),
(521,	'Střední škola - Waldorfské lyceum'),
(522,	'Střední škola a Jazyková škola s právem státní jazykové zkoušky, Volyně, Lidická 135'),
(523,	'Střední škola a Mateřská škola Aloyse Klara'),
(524,	'Střední škola a Mateřská škola, Liberec, Na Bojišti 15, příspěvková organizace'),
(525,	'Střední škola a vyšší odborná škola aplikované kybernetiky s. r. o.'),
(526,	'Střední škola a Vyšší odborná škola cestovního ruchu, České Budějovice, Senovážné náměstí 12'),
(527,	'Střední škola a vyšší odborná škola umělecká a řemeslná'),
(528,	'Střední škola a Základní škola Beroun, příspěvková organizace'),
(529,	'Střední škola a Základní škola Jesenice, příspěvková organizace'),
(530,	'Střední škola a Základní škola Tišnov, nám. Míru 22, Tišnov'),
(531,	'Střední škola a Základní škola, Vimperk, Nerudova 267'),
(532,	'Střední škola André Citroëna Boskovice, příspěvková organizace'),
(533,	'Střední škola ARCUS, s.r.o.'),
(534,	'Střední škola automobilní a informatiky'),
(535,	'Střední škola automobilní Kyjov, příspěvková organizace'),
(536,	'Střední škola Brno, Charbulova, příspěvková organizace'),
(537,	'Střední škola cestovního ruchu a gastronomie, s. r. o.'),
(538,	'Střední škola designu a řemesel Kladno, příspěvková organizace'),
(539,	'Střední škola designu a umění, knižní kultury a ekonomiky Náhorní'),
(540,	'Střední škola designu interiéru Kateřinky - Liberec, s.r.o.'),
(541,	'Střední škola designu Lysá nad Labem, příspěvková organizace'),
(542,	'Střední škola dopravy, obchodu a služeb Moravský Krumlov, příspěvková organizace'),
(543,	'Střední škola dostihového sportu a jezdectví'),
(544,	'Střední škola Educhem, a.s., Meziboří'),
(545,	'Střední škola ekonomická se sportovním zaměřením, s.r.o.'),
(546,	'Střední škola elektrotechnická, Lipník nad Bečvou'),
(547,	'Střední škola elektrotechnická, Lipník nad Bečvou, Tyršova 781'),
(548,	'Střední škola elektrotechniky a strojírenství'),
(549,	'Střední škola Euroinstitut'),
(550,	'Střední škola Euroinstitut v Karlovarském kraji'),
(551,	'Střední škola Euroinstitut v Praze'),
(552,	'Střední škola F. D. Roosevelta pro TP, Křižíkova 11/1694, Brno'),
(553,	'Střední škola gastronomická a hotelová s.r.o.'),
(554,	'Střední škola gastronomie a hotelnictví Mladá Boleslav, s.r.o.'),
(555,	'Střední škola gastronomie a služeb, Liberec, Dvorská 447/29, příspěvková organizace'),
(556,	'Střední škola gastronomie, hotelnictví a lesnictví Bzenec, příspěvková organizace'),
(557,	'Střední škola Gemini Brno, příspěvková organizace'),
(558,	'Střední škola grafická Brno, příspěvková organizace'),
(559,	'Střední škola hospodářská a lesnická, Frýdlant, Bělíkova 1387, příspěvková organizace'),
(560,	'Střední škola hotelnictví a gastronomie International, s.r.o.'),
(561,	'Střední škola hotelnictví a gastronomie SČMSD Praha, s.r.o.'),
(562,	'Střední škola inf. tech. a soc. péče, Purkyňova 97, Brno'),
(563,	'Střední škola informatiky a právních studií, z.ú.'),
(564,	'Střední škola informatiky elektrotechniky a řemesel Rožnov pod Radhoštěm'),
(565,	'Střední škola informatiky, poštovnictví a finančnictví Brno, příspěvková organizace'),
(566,	'Střední škola Jana Blahoslava'),
(567,	'Střední škola Jeronýmova České Budějovice, s.r.o.'),
(568,	'Střední škola Kateřinky - Liberec, s.r.o.'),
(569,	'Střední škola Klíč s.r.o.'),
(570,	'Střední škola KNIH, o. p. s.'),
(571,	'Střední škola knižní kultury s.r.o.'),
(572,	'Střední škola kosmetiky a hotelnictví BEAN, s.r.o.'),
(573,	'Střední škola letecké a výpočetní techniky, Odolena Voda, U Letiště 370'),
(574,	'Střední škola logistická Dalovice, příspěvková organizace'),
(575,	'Střední škola logistická Dalovice, příspěvková organizace'),
(576,	'Střední škola logistiky a chemie, Olomouc, U Hradiska 29'),
(577,	'Střední škola managementu a grafiky'),
(578,	'Střední škola managementu a služeb s.r.o.'),
(579,	'Střední škola mediální grafiky a tisku, s.r.o.'),
(580,	'Střední škola obchodní'),
(581,	'Střední škola obchodní, České Budějovice, Husova 9'),
(582,	'Střední škola obchodní, Kolín IV, Havlíčkova 42'),
(583,	'Střední škola obchodu, služeb a řemesel a Jazyková škola s právem státní jazykové zkoušky, Tábor, Bydlinského 2474'),
(584,	'Střední škola oděvního designu Kateřinky - Liberec, s.r.o.'),
(585,	'Střední škola pedagogická a sociálně právní a střední zdravotnická škola Jana Blahoslava'),
(586,	'Střední škola podnikání a gastronomie'),
(587,	'Střední škola Podnikatelská akademie, s.r.o.'),
(588,	'Střední škola podnikatelská HERMÉS MB s.r.o.'),
(589,	'Střední škola polytechnická Brno, Jílová, příspěvková organizace'),
(590,	'Střední škola polytechnická, České Budějovice, Nerudova 59'),
(591,	'Střední škola právní - Právní akademie, s.r.o.'),
(592,	'Střední škola profesní přípravy, Hradec Králové'),
(593,	'Střední škola průmyslová a umělecká Hodonín, příspěvková organizace'),
(594,	'Střední škola řemesel a služeb, Jablonec nad Nisou, Smetanova 66, příspěvková organizace'),
(595,	'Střední škola řemesel a Základní škola, Hořice'),
(596,	'Střední škola řemesel Kunice, příspěvková organizace'),
(597,	'Střední škola řemeslná a Základní škola, Soběslav, Wilsonova 405'),
(598,	'Střední škola řemeslná, Jaroměř, Studničkova 260'),
(599,	'Střední škola rybářská a vodohospodářská Jakuba Krčína, Třeboň, Táboritská 688'),
(600,	'Střední škola Sion High School, Hradec Králové'),
(601,	'Střední škola služeb a řemesel, Stochov, J. Šípka 187'),
(602,	'Střední škola služeb, obchodu a gastronomie'),
(603,	'Střední škola Spektrum Mladá Boleslav, s.r.o.'),
(604,	'Střední škola spojů a informatiky, Tábor, Bydlinského 2474'),
(605,	'Střední škola stravování a služeb Karlovy Vary, příspěvková organizace'),
(606,	'Střední škola stravování a služeb Karlovy Vary, příspěvková organizace'),
(607,	'Střední škola Strážnice, příspěvková organizace'),
(608,	'Střední škola strojírenská a elektrotechnická'),
(609,	'Střední škola strojní, stavební a dopravní, Liberec II, Truhlářská 360/3, příspěvková organizace'),
(610,	'Střední škola technická a dopravní Gustava Habrmana Česká Třebová'),
(611,	'Střední škola technická a dopravní Ostrava-Vítkovice'),
(612,	'Střední škola technická a gastronomická Blansko, příspěvková organizace'),
(613,	'Střední škola technická a obchodní, Dačice, Strojírenská 304'),
(614,	'Střední škola technická a řemeslná, Nový Bydžov, Dr. M. Tyrše 112'),
(615,	'Střední škola technická Znojmo, příspěvková organizace'),
(616,	'Střední škola technických oborů. Lidická 600/1a 736 01 Havířov'),
(617,	'Střední škola tradičních řemesel HERMÉS MB s.r.o.'),
(618,	'Střední škola uměleckomanažerská, s. r. o.'),
(619,	'Střední škola umění a designu a Vyšší odborná škola Brno, příspěvková organizace'),
(620,	'Střední škola VIZE'),
(621,	'Střední škola vizuální tvorby, s. r. o.'),
(622,	'Střední škola zahradnická, Kopidlno, náměstí Hilmarovo 1'),
(623,	'Střední škola živnostenská a ZŠ, Planá'),
(624,	'Střední škola živnostenská Sokolov, příspěvková organizace'),
(625,	'Střední škola živnostenská Sokolov, příspěvková organizace'),
(626,	'Střední škola – Podorlické vzdělávací centrum, Dobruška'),
(627,	'Střední škola, České Velenice, Revoluční 220'),
(628,	'Střední škola, Lomnice nad Popelkou, Antala Staška 213, příspěvková organizace'),
(629,	'Střední škola, Rokycany, Jeřabinová 96/III'),
(630,	'Střední škola, Semily, příspěvková organizace'),
(631,	'Střední škola, Trhové Sviny, Školní 709'),
(632,	'Střední škola, základní škola a mateřská škola da Vinci'),
(633,	'Střední škola, základní škola a mateřská škola Kraslice, příspěvková organizace'),
(634,	'Střední škola, základní škola a mateřská škola Kraslice, příspěvková organizace'),
(635,	'Střední škola, základní škola a mateřská škola pro sluchově postižené, Praha 5, Holečkova 4'),
(636,	'Střední škola, Základní škola a Mateřská škola pro sluchově postižené, Praha 5, Výmolova 169'),
(637,	'Střední škola, Základní škola a Mateřská škola Rakovník, příspěvková organizace'),
(638,	'Střední škola, Základní škola a Mateřská škola, Praha 10, Chotouňská 476'),
(639,	'Střední škola, Základní škola, Mateřská škola, Dětský domov a Speciálně pedagogické centrum Mladá Boleslav, příspěvková organizace'),
(640,	'Střední umělecká škola v Liberci s.r.o.'),
(641,	'Střední uměleckoprůmyslová škola a Vyšší odborná škola, Jablonec nad Nisou, Horní náměstí 1, příspěvková organizace'),
(642,	'Střední uměleckoprůmyslová škola a Vyšší odborná škola, Turnov, Skálova 373, příspěvková organizace'),
(643,	'Střední uměleckoprůmyslová škola hudebních nástrojů a nábytku, Hradec Králové, 17. listopadu 1202'),
(644,	'Střední uměleckoprůmyslová škola keramická a sklářská Karlovy Vary, příspěvková organizace'),
(645,	'Střední uměleckoprůmyslová škola keramická a sklářská Karlovy Vary, příspěvková organizace'),
(646,	'Střední uměleckoprůmyslová škola sklářská, Kamenický Šenov, Havlíčkova 57, příspěvková organizace'),
(647,	'Střední uměleckoprůmyslová škola sklářská, Železný Brod'),
(648,	'Střední uměleckoprůmyslová škola sklářská, Železný Brod, Smetanovo zátiší 470, příspěvková organizace'),
(649,	'Střední uměleckoprůmyslová škola sochařská a kamenická, Hořice, příspěvková organizace'),
(650,	'Střední uměleckoprůmyslová škola sv. Anežky České, Český Krumlov, Tavírna 109'),
(651,	'Střední uměleckoprůmyslová škola, Bechyně, Písecká 203'),
(652,	'Střední vinařská škola Valtice, příspěvková organizace'),
(653,	'Střední zahradnická škola a Střední odborné učiliště s.r.o.'),
(654,	'Střední zdravotnická škola'),
(655,	'Střední zdravotnická škola a Střední odborná škola, Česká Lípa, příspěvková organizace'),
(656,	'Střední zdravotnická škola a vyšší odborná škola Cheb, příspěvková organizace'),
(657,	'Střední zdravotnická škola a vyšší odborná škola Cheb, příspěvková organizace'),
(658,	'Střední zdravotnická škola a Vyšší odborná škola zdravotnická Brno, Merhautova, příspěvková organiza'),
(659,	'Střední zdravotnická škola a vyšší odborná škola zdravotnická Karlovy Vary, příspěvková organizace'),
(660,	'Střední zdravotnická škola a vyšší odborná škola zdravotnická Karlovy Vary, příspěvková organizace'),
(661,	'Střední zdravotnická škola a Vyšší odborná škola zdravotnická Znojmo, příspěvková organizace'),
(662,	'Střední zdravotnická škola a Vyšší odborná škola zdravotnická, České Budějovice, Husova 3'),
(663,	'Střední zdravotnická škola a Vyšší odborná škola zdravotnická, Kladno, Havířská 1141'),
(664,	'Střední zdravotnická škola a Vyšší odborná škola zdravotnická, Kolín, Karoliny Světlé 135'),
(665,	'Střední zdravotnická škola a Vyšší odborná škola zdravotnická, Liberec, Kostelní 9, příspěvková organizace'),
(666,	'Střední zdravotnická škola a Vyšší odborná škola zdravotnická, Mladá Boleslav, B. Němcové 482'),
(667,	'Střední zdravotnická škola a Vyšší odborná škola zdravotnická, Nymburk, Soudní 20'),
(668,	'Střední zdravotnická škola a Vyšší odborná škola zdravotnická, Příbram I, Jiráskovy sady 113'),
(669,	'Střední zdravotnická škola Brno, Jaselská, příspěvková organizace'),
(670,	'Střední zdravotnická škola Evangelické akademie'),
(671,	'Střední zdravotnická škola, Beroun, Mládeže 1102'),
(672,	'Střední zdravotnická škola, Hranice, Nová 1820'),
(673,	'Střední zdravotnická škola, Jindřichův Hradec, Klášterská 77/II'),
(674,	'Střední zdravotnická škola, Písek, Národní svobody 420'),
(675,	'Střední zdravotnická škola, Tábor, Mostecká 1912'),
(676,	'Střední zdravotnická škola, Turnov, 28. října 1390, příspěvková organizace'),
(677,	'Střední zemědělská škola a Střední odborná škola Poděbrady, příspěvková organizace'),
(678,	'Střední zemědělská škola, Brandýs nad Labem - Stará Boleslav, Zápská 302'),
(679,	'Střední zemědělská škola, Čáslav, Sadová 1234'),
(680,	'Střední zemědělská škola, Písek, Čelakovského 200'),
(681,	'Střední zemědělská škola, Rakovník, Pražská 1222'),
(682,	'Svobodná chebská škola, základní škola a gymnázium s. r. o.'),
(683,	'Svobodná chebská škola, základní škola a gymnázium s.r.o.'),
(684,	'Táborské soukromé gymnázium a Základní škola, s.r.o.'),
(685,	'Taneční centrum Praha - konzervatoř, z. ú.'),
(686,	'Taneční konzervatoř Brno, příspěvková organizace'),
(687,	'Taneční konzervatoř hlavního města Prahy, Praha 1, Křížovnická 7'),
(688,	'TRIVIS - Střední škola veřejnoprávní a Vyšší odborná škola prevence kriminality a krizového řízení Praha, s.r.o.'),
(689,	'TRIVIS - Střední škola veřejnoprávní Karlovy Vary, s.r.o.'),
(690,	'TRIVIS - Střední škola veřejnoprávní Vodňany, s.r.o.'),
(691,	'TRIVIS – Střední škola veřejnoprávní Brno, s. r. o.'),
(692,	'TRIVIS – Střední škola veřejnoprávní Karlovy Vary, s. r. o.'),
(693,	'TRIVIS – Střední škola veřejnoprávní Třebechovice pod Orebem, s. r. o.'),
(694,	'TRIVIS – Střední škola veterinární Emila Holuba Brno, s. r. o.'),
(695,	'Trojské gymnázium s.r.o.'),
(696,	'U2B ¦ multimediální střední škola'),
(697,	'VAKANTIS střední škola a vyšší odborná škola s.r.o.'),
(698,	'Veřejnosprávní akademie a střední škola, s. r. o.'),
(699,	'Vojenská střední škola a Vyšší odborná škola Ministerstva obrany v Moravské Třebové pracoviště Soko'),
(700,	'VOŠ a SPŠE Plzeň'),
(701,	'Všeobecné a sportovní gymnázium, Vimperk, Pivovarská 69'),
(702,	'Výchovný ústav a střední škola, Olešnice na Moravě, Trpínská 317'),
(703,	'Výchovný ústav, dětský domov se školou, středisko výchovné péče, střední škola a základní škola, Mor'),
(704,	'Výchovný ústav, středisko výchovné péče a střední škola Jindřichův Hradec'),
(705,	'Výchovný ústav, středisko výchovné péče Klíčov a střední škola'),
(706,	'Výchovný ústav, střední škola a školní jídelna Višňové, Zámek 1'),
(707,	'Výchovný ústav, střední škola a školní jídelna, Obořiště 1'),
(708,	'Vyšší odborná škola a Střední odborná škola, Březnice, Rožmitálská 340'),
(709,	'Vyšší odborná škola a Střední průmyslová škola dopravní, Praha 1, Masná 18'),
(710,	'Vyšší odborná škola a Střední průmyslová škola elektrotechnická Františka Křižíka, Praha 1, Na Příkopě 16'),
(711,	'Vyšší odborná škola a Střední průmyslová škola, Jičín, Pod Koželuhy 100'),
(712,	'Vyšší odborná škola a Střední průmyslová škola, Volyně, Resslova 440'),
(713,	'Vyšší odborná škola a střední škola Boskovice, příspěvková organizace'),
(714,	'Vyšší odborná škola a Střední škola, s.r.o.'),
(715,	'Vyšší odborná škola a Střední umělecká škola Václava Hollara, Praha 3, Hollarovo náměstí 2'),
(716,	'Vyšší odborná škola a Střední zemědělská škola, Benešov, Mendelova 131'),
(717,	'Vyšší odborná škola a Střední zemědělská škola, Tábor, Náměstí T. G. Masaryka 788'),
(718,	'Vyšší odborná škola ekonomických studií, Gymnázium, Střední průmyslová škola potravinářských technologií a Střední odborná škola přírodovědná a veterinární, Praha 2, Podskalská 10'),
(719,	'Vyšší odborná škola grafická a Střední průmyslová škola grafická, Praha 1, Hellichova 22'),
(720,	'Vyšší odborná škola informačních studií a Střední škola elektrotechniky, multimédií a informatiky'),
(721,	'Vyšší odborná škola lesnická a Střední lesnická škola Bedřicha Schwarzenberga, Písek, Lesnická 55'),
(722,	'Vyšší odborná škola mezinárodního obchodu a Obchodní akademie, Jablonec nad Nisou, Horní náměstí 15, příspěvková organizace'),
(723,	'Vyšší odborná škola oděvního návrhářství a Střední průmyslová škola oděvní, Praha 7, Jablonského 3'),
(724,	'Vyšší odborná škola pedagogická a sociální, Střední odborná škola pedagogická a Gymnázium, Praha 6, Evropská 33'),
(725,	'Vyšší odborná škola sklářská a Střední škola v Novém Boru'),
(726,	'Vyšší odborná škola sklářská a Střední škola, Nový Bor, Wolkerova 316, příspěvková organizace'),
(727,	'Vyšší odborná škola sociální a Střední pedagogická škola, Prachatice, Zahradní 249'),
(728,	'Vyšší odborná škola stavební a Střední průmyslová škola stavební, Praha 1, Dušní 17'),
(729,	'Vyšší odborná škola textilních řemesel a Střední umělecká škola textilních řemesel, Praha 1, U Půjčovny 9'),
(730,	'Vyšší odborná škola uměleckoprůmyslová a Střední uměleckoprůmyslová škola, Praha 3, Žižkovo náměstí 1'),
(731,	'Vyšší odborná škola zdravotnická a Střední zdravotnická škola, Hradec Králové, Komenského 234'),
(732,	'Vyšší odborná škola zdravotnická a Střední zdravotnická škola, Praha 1, Alšovo nábřeží 6'),
(733,	'Vyšší odborná škola zdravotnická a Střední zdravotnická škola, Praha 4, 5. května 51'),
(734,	'Vyšší odborná škola, Střední průmyslová škola a Jazyková škola s právem státní jazykové zkoušky, Kutná Hora, Masarykova 197'),
(735,	'Vyšší odborná škola, Střední průmyslová škola a Obchodní akademie, Čáslav, Přemysla Otakara II. 938'),
(736,	'Vyšší odborná škola, Střední průmyslová škola a Střední odborná škola řemesel a služeb, Strakonice, Zvolenská 934'),
(737,	'Vyšší odborná škola, Střední průmyslová škola automobilní a technická, České Budějovice, Skuherského 3'),
(738,	'Vyšší odborná škola, Střední škola, Centrum odborné přípravy, Sezimovo Ústí, Budějovická 421'),
(739,	'Vyšší odborná škola, střední škola, jazyková škola s právem státní jazykové zkoušky, základní škola a mateřská škola MILLS, s.r.o.'),
(740,	'Vyšší odborná škola, Střední škola, Základní škola a Mateřská škola, Hradec Králové, Štefánikova 549'),
(741,	'Vyšší policejní škola a Střední policejní škola Ministerstva vnitra v Praze'),
(742,	'Vyšší policejní škola a Střední policejní škola Ministerstva vnitra v Praze pracoviště Sokolov'),
(743,	'Waldorfská škola České Budějovice – mateřská škola, základní škola a střední škola o.p.s.'),
(744,	'Waldorfská škola Příbram - mateřská škola, základní škola a střední škola'),
(745,	'Waldorfská základní škola a střední škola Semily, příspěvková organizace'),
(746,	'Základní a mateřská škola Dolní kounice'),
(747,	'Základní škola a gymnázium Ježek bez klece'),
(748,	'Základní škola a Gymnázium Leonardo da Vinci Academy'),
(749,	'Základní škola a gymnázium Navis'),
(750,	'Základní škola a Gymnázium Vodňany'),
(751,	'Základní škola a mateřská škola Těšany, okres Brno-venkov, příspěvková organizace'),
(752,	'Základní škola a Praktická škola Benešov, Hodějovského 1654'),
(753,	'Základní škola a praktická škola Brno, Vídeňská, příspěvková organizace'),
(754,	'Základní škola a praktická škola Hodonín, náměstí B. Martinů, příspěvková organizace'),
(755,	'Základní škola a praktická škola Hustopeče, příspěvková organizace'),
(756,	'Základní škola a Praktická škola Kutná Hora, příspěvková organizace'),
(757,	'Základní škola a Praktická škola Neratovice, příspěvková organizace'),
(758,	'Základní škola a praktická škola Veselí nad Moravou, příspěvková organizace'),
(759,	'Základní škola a Praktická škola, Broumov'),
(760,	'Základní škola a Praktická škola, Český Brod, Žitomířská 1359'),
(761,	'Základní škola a Praktická škola, Jičín'),
(762,	'Základní škola a Praktická škola, Kostelec nad Černými lesy, K Jatkám 748'),
(763,	'Základní škola a praktická škola, Slavkov u Brna, příspěvková organizace'),
(764,	'Základní škola a střední škola Aš, příspěvková organizace'),
(765,	'Základní škola a střední škola Aš, příspěvková organizace'),
(766,	'Základní škola a Střední škola Donum Felix s.r.o.'),
(767,	'Základní škola a Střední škola JEDNA RADOST Pňov-Předhradí'),
(768,	'Základní škola a Střední škola Karla Herforta, Praha 1, Josefská 4'),
(769,	'Základní škola a střední škola Karlovy Vary, příspěvková organizace'),
(770,	'Základní škola a střední škola Karlovy Vary, příspěvková organizace'),
(771,	'Základní škola a střední škola waldorfská'),
(772,	'Základní škola a Střední škola, Praha 10, Vachkova 941'),
(773,	'Základní škola a Střední škola, Praha 2, Vinohradská 54'),
(774,	'Základní škola a Střední škola, Praha 4, Kupeckého 576'),
(775,	'Základní Škola Dubí 2, Tovární 110, Okres Teplice'),
(776,	'Základní škola Mukařov, příspěvková organizace'),
(777,	'Základní škola speciální a Praktická škola, Praha 6, Rooseveltova 8'),
(778,	'Základní škola T. G. Masaryka v Praze 12'),
(779,	'Základní škola, Mateřská škola a Praktická škola Kolín, příspěvková organizace'),
(780,	'Základní škola, Praktická škola a Mateřská škola, Česká Lípa, Moskevská 679, příspěvková organizace'),
(781,	'Zemědělská akademie a Gymnázium Hořice – střední škola a vyšší odborná škola, příspěvková organizace'),
(782,	'Zlatnické středisko praktického vyučování Solunka, spol. s r.o.'),
(783,	'ZŠ Elanor Sušice');

INSERT INTO `stages` (`stageId`, `eventId`, `stageName`, `stageIndex`) VALUES
(1,	1,	'LOL quarterfinals',	1),
(2,	1,	'LOL semifinals',	2),
(3,	1,	'LOL finals',	3);

INSERT INTO `states` (`id`, `state`, `date`) VALUES
(3,	'HeVXDErMvSDZGqpdiojeJZPdZoRlcRqYJuIUgseeKQhoozdvKnizkSfwrqWeuGotyVXMVWGjyxApdXZlTmljNWvNTMpLHDmZwCSOAfVbrDHXIceQtVlODfOVRcWOybaYrKmtiVRMYkoVVymgqamzHQFFtTPAwcIimzqAPaRIxnWHLQlgPxyMMwgdwXiIncdDLoOGJdVR',	'2024-07-25 17:01:35'),
(4,	'UrmSmKRHZwnskiFZBmntqgtdkDvKlwpsYBfTNkMyNtKkVDcnaDjhjJzsBXKlgjKNeVVGnpMynZFtTJYkdZDxzeOGxMYdlpMMFsqlypVQUkIcHuPbDBHahANFpahuJnxmdLRfDzZuWRzeyGDJuSuQXPxTHBwpiQXGbPQjlWgVeLueozrpUrKwQLdxSFRIpweNiUFBZJbz',	'2024-07-28 16:35:57'),
(5,	'gwJkRcYkWGxudWdwwSQXjZGCNiTNJOfZgrAuvZUZxBDVXlJRRZcxmExQfcKHtrzgCMvpNsgsqFaoyReFezrEavoqUapWqxiKOMLHdjGsmSLPCfkcgUxbZyGLrCSSDkJmZPsPHrRtvQWWITAcurJTleUogwNnwcAplAbTWrXordLjhSJDVLLhFvbTRaOwTNnWgorXiZDg',	'2024-07-28 16:38:39'),
(56,	'psufOoixcZqsFcPIJOSggGeIUcYZCXhKmcqcNsrbidFDogHXwWWMQVAkfFdjMHptgGtLXbdUtwhraaIRydBeoKCFnZhKjRsgPOReOdYzxRpuKEczZipKtwPHCjrqcUxraJxXIrpZWiRZidUCrtimdzdjDvAvrcbohSBjFyDNkxAKXaveHGKVORoyQfODNrsuZPIkonyu',	'2024-08-06 19:22:11'),
(62,	'hidDzSbKFJZjkRqOptZWtzKRImlVeZaCTykIORItpJmuPKbfSottbdPvwfqLhiwGrcMojUTtlJACZtBfiSPtdgpMdfPkDpFIBInlHHEBXtijBzYOmnvZDaeASCiljvAPqeemeQOgRwSCaYgyHaeYIbzAxWyAUXhdNSpfCYcnNdmefWWwRVawAGEIEOXEeIvMCYnoYZmc',	'2024-08-06 21:17:06');

INSERT INTO `teams` (`teamId`, `name`, `gameId`, `canPlaySince`, `joinString`) VALUES
(0,	'Foxtrot',	2,	NULL,	'Cu4ksc0rsp'),
(1,	'India',	6,	NULL,	'5jxfoso6Lq'),
(2,	'Golf',	1,	NULL,	'cHoGiySmbGViHuWkGnkATWeQsVjfAwdOOuedlUGuvnlhYkjXiWfrpUrqrMifJtjSLMKUevclKSlHKsYCQngdBxGdWlQVtacXeSFuOIBYGjKrbLCSexSNYuXxLpuYMEpyDbuHMBjhCcJLaaKLoVTDPycCZtsZWijKafQurIFMEwaGDjjLRPhNonfZXCmjulcEqjsqksGr'),
(3,	'Bravo',	5,	NULL,	'ko8hru1jCb'),
(4,	'Juliet',	3,	NULL,	'lI4enyJMKi'),
(5,	'Hotel',	3,	NULL,	'PAPnTFkkH5'),
(6,	'Alpha',	5,	NULL,	'0Vx8y78RgI'),
(7,	'Alpha',	4,	'2024-05-26 14:20:45',	'qoMMHyH5Md'),
(8,	'Golf',	5,	'2024-05-26 14:20:45',	'XPsX5r5IaP'),
(9,	'Charlie',	4,	NULL,	'GagIYuwmlJ'),
(10,	'Alpha',	2,	NULL,	'f3NFykaCBB'),
(11,	'Foxtrot',	3,	NULL,	'9TYtKrG0Ls'),
(12,	'Golf',	2,	NULL,	'agsEeb5mdn'),
(13,	'India',	3,	NULL,	'mrjggiV2PT'),
(14,	'Golf',	3,	NULL,	'eB6v5pB6yY'),
(15,	'Charlie',	1,	'2024-05-26 14:20:45',	'hIvdVS6Qby'),
(16,	'Bravo',	3,	NULL,	'gYe822nnKU'),
(17,	'Foxtrot',	4,	'2024-05-26 14:20:45',	'i8RUfZ5a51'),
(18,	'Foxtrot',	2,	NULL,	'HnsWLNX9cz'),
(19,	'Golf',	3,	NULL,	'IIuvCtnzTD'),
(20,	'Charlie',	2,	NULL,	'gBse3K87pN'),
(21,	'Echo',	6,	NULL,	'0PMzLsnvPV'),
(22,	'Alpha',	3,	NULL,	'BTQRsU4bxH'),
(23,	'Foxtrot',	5,	NULL,	'0vS9ZmYL3A'),
(24,	'Delta',	3,	NULL,	'c7N83wmAFP'),
(25,	'India',	1,	'2024-05-26 14:20:45',	'nxH51Cw8U1'),
(26,	'Juliet',	5,	NULL,	'cGzukki7oB'),
(27,	'India',	6,	NULL,	'reKB1vPjfn'),
(28,	'Hotel',	2,	NULL,	'7IZp8mQwPz'),
(29,	'Foxtrot',	2,	NULL,	'ZjeDLXXRWh'),
(30,	'Alpha',	3,	'2024-05-26 14:20:45',	'GNRyoASTQp'),
(31,	'Charlie',	6,	NULL,	'x3S2MMklgT'),
(32,	'Hotel',	1,	'2024-05-26 14:20:45',	'smc205CfhM'),
(33,	'Delta',	6,	NULL,	'08CzixFAo3'),
(34,	'Echo',	5,	NULL,	'28dpxObGgK'),
(35,	'Delta',	5,	NULL,	'8QtHqj5GX4'),
(36,	'Alpha',	5,	NULL,	'LKevCqD3dZ'),
(37,	'Foxtrot',	4,	'2024-05-26 14:20:45',	'rs1bpn9jWd'),
(38,	'Foxtrot',	3,	NULL,	'GvsocAizBR'),
(39,	'Echo',	3,	NULL,	'G0dlTo0LXH'),
(40,	'Echo',	4,	'2024-05-26 14:20:45',	'aMUna2Sd6w'),
(41,	'Alpha',	3,	NULL,	'iLFQyioabc'),
(42,	'Foxtrot',	1,	NULL,	'x7cJs7FnbJ'),
(43,	'Foxtrot',	3,	NULL,	'OHNamJHHB8'),
(44,	'Echo',	6,	NULL,	'yYRQQhuyrt'),
(45,	'Charlie',	3,	NULL,	'Km8Jil8gHU'),
(46,	'Hotel',	3,	NULL,	'mFUYUl0nmJ'),
(47,	'Golf',	2,	NULL,	'UvdS5tj7rO'),
(48,	'Alpha',	4,	'2024-05-26 14:20:45',	'u4fVTfVVJd'),
(49,	'Bravo',	4,	'2024-05-26 14:20:45',	'ql4XoLSxYd'),
(50,	'test',	1,	'2024-08-07 09:21:21',	NULL);


INSERT INTO `users` (`userId`, `surname`, `name`, `adult`, `schoolId`, `camera`, `access_token`, `refresh_token`, `expires_in`) VALUES
(114316488057882015,	'Jones',	'David',	CONV('1', 2, 10) + 0, CONV('1', 2, 10) + 0,	663,	'Vfl2rmes3afcCA54H6ynD4Vzti34Yj',	'aLOkRrf1wtPKw1hemdlPrVFUNlkaeE',	'2024-06-09 17:33:04'),
(115423241599600111,	'Williams',	'David',	CONV('1', 2, 10) + 0, CONV('1', 2, 10) + 0,	345,	'aFno0HZCbuTWnQ90K8vGbNh3Rxpas0',	'h8NvubvqaOtZiibxy7xqq7Up11DXmt',	'2024-05-18 17:33:04'),
(122891840080562664,	'Brown',	'Bob',	CONV('1', 2, 10) + 0, CONV('1', 2, 10) + 0,	339,	'VBoDgkjRiPJM9tnSUQxyAG18B4FwCY',	'H4NjuxPTwC3QwI9TWassjrzefg2Rah',	'2024-05-29 17:33:04'),
(127854629519701467,	'Davis',	'Emma',	CONV('1', 2, 10) + 0, CONV('1', 2, 10) + 0,	365,	'rOVOuaBfoBXMV0eea1PO9iP3Q97ReN',	'LrNZcqJ6GRoRX0so6nm5cwDyqzoePg',	'2024-05-29 17:33:04'),
(128643565886368599,	'Williams',	'Eve',	CONV('1', 2, 10) + 0, CONV('1', 2, 10) + 0,	456,	'q2WahN3aXrxV1EIrdUELTR3qoxiITY',	'7cz0Uktj5RNqXUtmpAcWFcRtysn18n',	'2024-06-10 17:33:04'),
(133157668533758956,	'Miller',	'Sophia',	CONV('0', 2, 10) + 0, CONV('0', 2, 10) + 0,	509,	'anzZE8xIkQXnXtSJOTjyl3HEhQbGOJ',	'CyL8FnHqk5FjHghRzelJVLaeNu2xca',	'2024-06-14 17:33:04'),
(135346983583891046,	'Jones',	'David',	CONV('0', 2, 10) + 0, CONV('0', 2, 10) + 0,	701,	'BSO0dzzbqcqbNhZutss3fL984gKB11',	'ALfO0dXptG29hPRnWzRIwCgVWubPKV',	'2024-06-07 17:33:04'),
(152187585861927981,	'Taylor',	'Alice',	CONV('1', 2, 10) + 0, CONV('1', 2, 10) + 0,	17,	'oioNAIgJriVG57QQhQDziIaWd3VyhY',	'Go1LGmYsO4VGBm7q7TJo0K2xW1sOzo',	'2024-05-23 17:33:04'),
(167958456256616829,	'Taylor',	'Emma',	CONV('0', 2, 10) + 0, CONV('0', 2, 10) + 0,	399,	'tOERHmiKJsSxImheUIl5VqJI0kodbM',	'KQkRITxAiNAnSWu8ONneMAa2mL38hC',	'2024-06-01 17:33:04'),
(171340011608075314,	'Williams',	'Bob',	CONV('1', 2, 10) + 0, CONV('1', 2, 10) + 0,	502,	'SyGZ2DgYlmjl5lkiH5bIe8a5gL8Evg',	'rCFsTjtHtpbTQRcNwQeI3Q9OuhidTs',	'2024-05-21 17:33:04'),
(180495369209110399,	'Davis',	'Sophia',	CONV('1', 2, 10) + 0, CONV('1', 2, 10) + 0,	471,	'Gg4zsZs1PhgXltQ1ZmuoKAKcJh3YrT',	'XgUdSgjBnuQO2GQmjRj6xpPUgjEj0r',	'2024-05-28 17:33:04'),
(181789098192617935,	'Williams',	'Olivia',	CONV('0', 2, 10) + 0, CONV('0', 2, 10) + 0,	520,	'QpbRbTWoVux8ZiSaxeintOIChz0sVl',	'M0M4IlJ1S4VerRMi1plxfKWbHQmMRX',	'2024-06-04 17:33:04'),
(191641884687470159,	'Williams',	'Emma',	CONV('1', 2, 10) + 0, CONV('1', 2, 10) + 0,	320,	'RN8JiYszKLCqeuiTKfwGjmq4jbQnlm',	'Gaq8bVepa4ILsHvaNe9sX4Hai8x9tL',	'2024-05-19 17:33:04'),
(196527131886765732,	'Taylor',	'Bob',	CONV('1', 2, 10) + 0, CONV('1', 2, 10) + 0,	103,	'aABHNAMXiE4uNDJO1rgHGOOK3QJJxL',	'TqZp62lDV2b8IcFD2bhOVGt6sOhYy8',	'2024-06-10 17:33:04'),
(197021687124812522,	'Miller',	'John',	CONV('1', 2, 10) + 0, CONV('1', 2, 10) + 0,	649,	'4b6XvWU6xRZZ8ojZ9ihzEJgLaJ1hmo',	'jtBS61CBQajXXWivCpZlJUyiV0vR74',	'2024-05-19 17:33:04'),
(200251383223088009,	'Williams',	'Eve',	CONV('0', 2, 10) + 0, CONV('0', 2, 10) + 0,	404,	'wb5jk25aiutkRQFUC8v4t35PvJl3DB',	'mkLetXak3xmzoEg9wK3HFdXhGgAcNi',	'2024-06-11 17:33:04'),
(202664666194608140,	'Brown',	'Emma',	CONV('0', 2, 10) + 0, CONV('0', 2, 10) + 0,	409,	'MZu5Oz6viKaBlulkQ5406xfEL74Ysa',	'Cx6ZLKCBthzxQ5oqONwKmgZknfkKLY',	'2024-06-05 17:33:04'),
(203716362039381900,	'Williams',	'Eve',	CONV('1', 2, 10) + 0, CONV('1', 2, 10) + 0,	30,	'PLdxLO4uYMmvvn8kvHzL5ZlUV36HHb',	'kftzQA8eZSEdb2eVDacbwti4WogAHa',	'2024-05-18 17:33:04'),
(205027058413982778,	'Taylor',	'Bob',	CONV('1', 2, 10) + 0, CONV('1', 2, 10) + 0,	688,	'Eie5zZUqN6bJczuCpweULeKHBOC23S',	'6Jr32EvUD3NvRJUxaYLGrq3ovJQ0gT',	'2024-05-22 17:33:04'),
(208047001690505745,	'Wilson',	'John',	CONV('1', 2, 10) + 0, CONV('1', 2, 10) + 0,	422,	'EtFldetAibcT38beLN7ka4A7o9AoTw',	'QOdjYCI2TJ2zRtxfdmuQNM3Amujwzw',	'2024-05-16 17:33:04'),
(210568825432375324,	'Wilson',	'David',	CONV('1', 2, 10) + 0, CONV('1', 2, 10) + 0,	517,	'kV2dFQziHJiQtPHcNfmXemAjir8sSl',	'VDX6vlMGUlmbue6fa84hWN7rFXP1eM',	'2024-05-24 17:33:04'),
(213951133483981663,	'Smith',	'John',	CONV('1', 2, 10) + 0, CONV('1', 2, 10) + 0,	31,	'Ozt3wKgwxspZxYjYkcDmUioraCdjGv',	'ZGcS6AYBiSacn0DlkraSVxJZQ4LaE2',	'2024-06-03 17:33:04'),
(216247281135873714,	'Moore',	'Emma',	CONV('0', 2, 10) + 0, CONV('0', 2, 10) + 0,	72,	'hSLaOhYz2H6wTqgO832ckBPD1GM8ee',	'HnAepTmszELPmRyy1nKoAN7TVKCLV7',	'2024-05-29 17:33:04'),
(218622286661641626,	'Wilson',	'Eve',	CONV('1', 2, 10) + 0, CONV('1', 2, 10) + 0,	195,	'teDB88uFGP9Azzb5qx92fxxecBilWE',	'1tuePVj9VoWct7ALNK8LiaMIOe0Zvo',	'2024-06-13 17:33:04'),
(223583337840341299,	'Miller',	'Eve',	CONV('1', 2, 10) + 0, CONV('1', 2, 10) + 0,	650,	'1PSCSQy4p8fBldVxaL5Hm2vMziptpL',	'AbXoMryCYugS3tjRLkqL2wPukq8b9n',	'2024-05-30 17:33:04'),
(229110135583090223,	'Wilson',	'Bob',	CONV('1', 2, 10) + 0, CONV('1', 2, 10) + 0,	362,	'3OQLyIagYUOpGI9OeioDs22TMT6jRb',	'0oJmg4BVASUQsWbh0w7zQLmG0KVfKW',	'2024-05-31 17:33:04'),
(229818971516855648,	'Brown',	'Alice',	CONV('0', 2, 10) + 0, CONV('0', 2, 10) + 0,	69,	'thykTXg7Mjsm1pSktVQxrMk9pFFcLH',	'klCGBgJLgy6yb7cjbZC0WoHS6E1AwY',	'2024-06-10 17:33:04'),
(237320910721799790,	'Moore',	'James',	CONV('1', 2, 10) + 0, CONV('1', 2, 10) + 0,	660,	'JE0Az7s3SlzLglWvURrP3aXo4UeALd',	'tlsr4oILtPPD6TqUwWOHJHVKKoIqd2',	'2024-05-20 17:33:04'),
(238029192372996550,	'Taylor',	'David',	CONV('1', 2, 10) + 0, CONV('1', 2, 10) + 0,	739,	'XqfJEOZg9zst0TtrzUud2fF8oYb0ZR',	'qXfoCkDZRME0BDKBEOGGF6vDqflP85',	'2024-05-18 17:33:04'),
(240527686217204163,	'Brown',	'James',	CONV('1', 2, 10) + 0, CONV('1', 2, 10) + 0,	451,	'11jBxfPzShIiH18ky6NG6pBIRAn2oe',	'kVyV2xzFO3QdpyKbya1jTvQbWuc4PA',	'2024-05-24 17:33:04'),
(244807196256210521,	'Taylor',	'John',	CONV('1', 2, 10) + 0, CONV('1', 2, 10) + 0,	162,	'qUL1ObXRjKRVf7fqjiWUfuCYUBLsV4',	'9V9GeGvHFDeHJcJvr5Eo61Jb6nexLV',	'2024-06-02 17:33:04'),
(245264889034162910,	'Miller',	'Eve',	CONV('0', 2, 10) + 0, CONV('0', 2, 10) + 0,	477,	'XzPuiZwXdTu3uIg8IrWxeuSDBApDcS',	'1VgGHHBNeQKjB6RIAgwxW4P4F064SE',	'2024-05-30 17:33:04'),
(260789722501059070,	'Smith',	'Olivia',	CONV('1', 2, 10) + 0, CONV('1', 2, 10) + 0,	75,	'atq8byopgQHP3uMxqyot7ThZFSWRcB',	'fboHizPaZlAeiA5fFpcexNSqbxsmg7',	'2024-05-23 17:33:04'),
(261531789028883487,	'Jones',	'Olivia',	CONV('0', 2, 10) + 0, CONV('0', 2, 10) + 0,	644,	'Mq0n0MXu7YGS0WBYElAlHQ12h5hS4y',	'2oWxM1XhM1xSxmuhxOPN1uO8IIvjyE',	'2024-06-02 17:33:04'),
(261738660945907003,	'Miller',	'Olivia',	CONV('0', 2, 10) + 0, CONV('0', 2, 10) + 0,	654,	'yORpfxT6mm7nFiT6zpYV9oXkV26Zsh',	'9jPyVNyeWk6YMGTkWc6yuXQ2ov8WiS',	'2024-06-03 17:33:04'),
(263011441390035826,	'Smith',	'James',	CONV('1', 2, 10) + 0, CONV('1', 2, 10) + 0,	458,	'aBek6Got2nSbMgkE0fVPzZPrNkHNxg',	'6I4zMELc1nXdaITygAxYub4675tY7s',	'2024-06-08 17:33:04'),
(263117749144541968,	'Wilson',	'Olivia',	CONV('0', 2, 10) + 0, CONV('0', 2, 10) + 0,	214,	'P0BB16IXQZuBsx11s3KUykTwnZvQcI',	'V4OFbRqEJsXVm0KiWbGPkU1J7qMAFY',	'2024-05-16 17:33:04'),
(264449522329976832,	'surName',	'Name',	CONV('1', 2, 10) + 0, CONV('1', 2, 10) + 0,	1,	'H8yzexF5mt7kzcbzaOBF9lQ7TeN3eF',	'dwHMSU6nReVEkhTERTc5bqaXiOcyug',	'2024-08-14 16:01:13'),
(264844386123465975,	'Brown',	'Eve',	CONV('1', 2, 10) + 0, CONV('1', 2, 10) + 0,	609,	'VfFYzP2Qc71ZBkYEERh5Oj8I7inppm',	'CzGrRJMCxlcM7LNHA6EmeIFY7VSUSL',	'2024-06-07 17:33:04'),
(269337620579269223,	'Johnson',	'Olivia',	CONV('0', 2, 10) + 0, CONV('0', 2, 10) + 0,	763,	'L6CNNzwQ1IBUnFiHasX8HDCvl5FtKx',	'oJgcoCl4gxlbqZb7nqlgdXTtLJbHJX',	'2024-05-25 17:33:04'),
(270199586795841280,	'Davis',	'James',	CONV('0', 2, 10) + 0, CONV('0', 2, 10) + 0,	152,	'2IFKeoOs9jKiQpQT3Ab5AdXncP2LCI',	'0gV783kYgrHrrdkYem73kgXbBPNeX6',	'2024-05-30 17:33:04'),
(274862791274482854,	'Brown',	'Emma',	CONV('1', 2, 10) + 0, CONV('1', 2, 10) + 0,	48,	'IrB3qu80lIXBBoxGG68Q4Gu7ktv7sD',	'Xf7C9830TIsV3JW4mJsKrEaTQ5RkJy',	'2024-05-17 17:33:04'),
(275813607447682171,	'Johnson',	'Bob',	CONV('1', 2, 10) + 0, CONV('1', 2, 10) + 0,	401,	'PXoaxrwdr5LWI8OXVbBSsDRXAiHMsI',	'KTC2zP1zl3M2qTZDxeFEPjhJBhDR3j',	'2024-05-22 17:33:04'),
(278397923097316948,	'Johnson',	'Michael',	CONV('0', 2, 10) + 0, CONV('0', 2, 10) + 0,	558,	'MngWNPthP8Z7AxarfcvvGhZ17muyzO',	'zqCRE7pczA7EfnZjlu7IOyiNq8hHWk',	'2024-06-04 17:33:04'),
(279118846815094855,	'Johnson',	'Bob',	CONV('0', 2, 10) + 0, CONV('0', 2, 10) + 0,	569,	'9cBVrTn6yDXV0HCDx3v0viQREqZnVv',	'nryKBYGya9exsB6Y0rR0fzihwfKVH7',	'2024-06-09 17:33:04'),
(279366087609404974,	'Davis',	'Sophia',	CONV('1', 2, 10) + 0, CONV('1', 2, 10) + 0,	162,	'x77YnXrMcmilU3WUST6Xbcyf2eb5za',	'fh1KNOx2rtm153qln3NkW85M0f5sBT',	'2024-06-01 17:33:04'),
(281262266628090966,	'Williams',	'Alice',	CONV('1', 2, 10) + 0, CONV('1', 2, 10) + 0,	439,	'qGKcgI69inwkSc81janbO36h8DShG1',	'lgD59Zk0inxb05yzSYDjaQ3QFph4Pc',	'2024-05-20 17:33:04'),
(294241197233593640,	'Wilson',	'Michael',	CONV('1', 2, 10) + 0, CONV('1', 2, 10) + 0,	27,	'MwTFCVoDYYmF24DldRBMAofnG3Rfui',	'Da0wFUeOmlt7kOJo0OZiATon5jkD3Q',	'2024-06-13 17:33:04'),
(294425712404712387,	'Williams',	'Michael',	CONV('1', 2, 10) + 0, CONV('1', 2, 10) + 0,	424,	'fEL83bvFnL9bAfYVFC44Q0KWsZjOIX',	'CCJy2paabBa7qXWezKpAzKUHNv0jqY',	'2024-05-31 17:33:04'),
(303496896338022773,	'Johnson',	'Bob',	CONV('0', 2, 10) + 0, CONV('0', 2, 10) + 0,	105,	'IFenkBKo2yquqb81hegfv5WCKbGIGt',	'VfDMNnqZrbbld7Y7eDcjyKKwIjH3kP',	'2024-06-14 17:33:04'),
(305241067827893758,	'Taylor',	'Michael',	CONV('0', 2, 10) + 0, CONV('0', 2, 10) + 0,	345,	'Ssz19wzcR9HejVVREGPWZYHeBpt9hY',	'0Hz1c7paGRNXAEjRpgmRqJXK7lC4qj',	'2024-06-05 17:33:04'),
(308775267319116532,	'Williams',	'Michael',	CONV('0', 2, 10) + 0, CONV('0', 2, 10) + 0,	122,	'jXDOrrR42hgjrc7CpbncTqO3zGqgJz',	'r3oeUr1HZZsHlqnk2sjPBMSduVNZWm',	'2024-06-07 17:33:04'),
(315241566832246282,	'Williams',	'Sophia',	CONV('1', 2, 10) + 0, CONV('1', 2, 10) + 0,	220,	'LfcQSa8ZDnPEDHkd7HUaI2hhhXFuEq',	'2BcEEaqU5J9zGlYHgPjuvnu9UCnruo',	'2024-06-02 17:33:04'),
(315627305004819991,	'Wilson',	'Sophia',	CONV('0', 2, 10) + 0, CONV('0', 2, 10) + 0,	263,	'cturyRC7gA6gS6jnXZodtw2gZBRgOj',	'7kq06W4bUYNQn73nqFKMbP2eRlHEmo',	'2024-05-21 17:33:04'),
(328788219099873695,	'Williams',	'Michael',	CONV('0', 2, 10) + 0, CONV('0', 2, 10) + 0,	641,	'cN4nooJJ7BKY2MKrVWWKndXN49vzSC',	'g92C2m1HXMUoooJ1V1vMYi0FCQ5rDC',	'2024-06-06 17:33:04'),
(337517567558996500,	'Johnson',	'Emma',	CONV('0', 2, 10) + 0, CONV('0', 2, 10) + 0,	381,	'qnEB2NEE26rSBM3EyqyYR6mdkSnttD',	'pfPTSo1Hlq6Lt1fbF1aAOtHrNAZj22',	'2024-06-03 17:33:04'),
(340348688592986321,	'Davis',	'Michael',	CONV('1', 2, 10) + 0, CONV('1', 2, 10) + 0,	239,	'2bt2i9SCOiHmRQSuuHpmM1vYXrRBNt',	'Jml1yaE2W20cIRdFba1xl0lttmFqyB',	'2024-06-04 17:33:04'),
(341299593402226199,	'Williams',	'Sophia',	CONV('0', 2, 10) + 0, CONV('0', 2, 10) + 0,	567,	'FdnCRFv6jyFMeyGRIkE2Sfqg1Ykmq8',	'RHVr8nZ4UhAE4beTsCVgOeftonpOUn',	'2024-05-28 17:33:04'),
(345890549322198321,	'Johnson',	'Emma',	CONV('0', 2, 10) + 0, CONV('0', 2, 10) + 0,	437,	'wvUAkgTAyvXjqSYmzmJRRcT1phsqVy',	'i386uWSTK0WXU1tRt8KYkXQngmT0jL',	'2024-05-16 17:33:04'),
(347582572307642716,	'Johnson',	'Bob',	CONV('1', 2, 10) + 0, CONV('1', 2, 10) + 0,	137,	'ibQh5wAPiF1eS2AXU0c4kQozDBVixF',	'3Hj2QrxJG8QcsrLsFLL5DnM37Nab2d',	'2024-06-09 17:33:04'),
(357520558423104386,	'Wilson',	'Emma',	CONV('0', 2, 10) + 0, CONV('0', 2, 10) + 0,	742,	'CNmpVqP3kpvHRnjmaDCeiyKBo3Ov1o',	'rVDyNwDSW0IfOjXsSp5Vsr7P0kH3Se',	'2024-05-22 17:33:04'),
(362502055008671911,	'Williams',	'Eve',	CONV('0', 2, 10) + 0, CONV('0', 2, 10) + 0,	371,	'H41ZWYXhiDzJ7YRcmyrMf0tEM4oW8d',	'xlQNQfGVeVvkTp5jFGlQNfFGQXJX36',	'2024-05-17 17:33:04'),
(370206390438049775,	'Wilson',	'James',	CONV('0', 2, 10) + 0, CONV('0', 2, 10) + 0,	556,	'qPCtEdbGB1CspXuJ5IKd9dTEAVqZsk',	'qLBF9AlPMSq46aL0kWWcwli0yct42N',	'2024-06-05 17:33:04'),
(370686293027338550,	'Taylor',	'Alice',	CONV('1', 2, 10) + 0, CONV('1', 2, 10) + 0,	769,	'qu3IN1Zl89aGxGA3ouySymcbvtmz3l',	'ogrcH7cWU7IJwYub3ViMj4dTDt2vBk',	'2024-06-02 17:33:04'),
(372909941191587400,	'Wilson',	'Olivia',	CONV('0', 2, 10) + 0, CONV('0', 2, 10) + 0,	368,	'Ptv7x89QEYRMgORYg41jzTKC9pkAFm',	'vDtGFQ09QsNheKlqhcGmFsFqk8r0Gn',	'2024-05-27 17:33:04'),
(373967717616909205,	'Taylor',	'Sophia',	CONV('0', 2, 10) + 0, CONV('0', 2, 10) + 0,	656,	'jzjLjB9iEtV7VcAwGWrgmlEjSZsIt5',	'tPyoeBxJ916yA7fNYoQWd3svWnq3Sr',	'2024-06-14 17:33:04'),
(375953821325491781,	'Brown',	'Bob',	CONV('1', 2, 10) + 0, CONV('1', 2, 10) + 0,	762,	'3x6MCINs7ApytzrMrHRQBBYi8C6KRE',	'zeHSKRUcRTleAZYi9K9j063gFuLWbZ',	'2024-05-18 17:33:04'),
(394846986458938940,	'Wilson',	'Eve',	CONV('1', 2, 10) + 0, CONV('1', 2, 10) + 0,	71,	'UDmXoGiaUcz6LA6bP8KGDIlce76I3C',	'EM4krID4VcvqLIUPy4Av5MBO45WXEf',	'2024-05-18 17:33:04'),
(396868805910471282,	'Jones',	'Michael',	CONV('1', 2, 10) + 0, CONV('1', 2, 10) + 0,	341,	'3KmvmEFzipJaXDiNZIDJcJKhfWEE8W',	'SfHf1TqHhH8t8CqymcqpazeeaoYpPR',	'2024-06-10 17:33:04'),
(398363482467833845,	'Smith',	'John',	CONV('0', 2, 10) + 0, CONV('0', 2, 10) + 0,	615,	'yyDrQNXVY8LoCQI5u2Y4feWXRtjXZH',	'sUKVZDPYrirAEOn0KCoOFsKJAuIFVi',	'2024-05-18 17:33:04'),
(400915768027666758,	'Davis',	'Eve',	CONV('1', 2, 10) + 0, CONV('1', 2, 10) + 0,	115,	'V8XV5fFjluWwQl7Is0QGVmMxLaCFzb',	'3OwKM4DyCgCUCaSpXVTbE2a7DZLUHh',	'2024-06-03 17:33:04'),
(404903124396528112,	'Miller',	'Michael',	CONV('0', 2, 10) + 0, CONV('0', 2, 10) + 0,	488,	'BfeH9pVtMWt4g3oRBYuTO5u8xkx2JT',	'jJoQKDlgDhle8kYPHTUL73IvofiNeV',	'2024-06-07 17:33:04'),
(409774812984742269,	'Smith',	'Eve',	CONV('0', 2, 10) + 0, CONV('0', 2, 10) + 0,	138,	'IeTYBjAeyv0wgO5jri3bKOvuG8NUcu',	'5BV5drISWWjWi4c7Kh484C95jQ2P1u',	'2024-06-13 17:33:04'),
(410388645127376995,	'Jones',	'Eve',	CONV('1', 2, 10) + 0, CONV('1', 2, 10) + 0,	591,	'iYDC3RRYbldlVavVkNwuu8lm1cweYZ',	'F1lKNCrIAe6awun7WHbGLS7tMpCZhL',	'2024-05-31 17:33:04'),
(413039573145289980,	'Wilson',	'Eve',	CONV('0', 2, 10) + 0, CONV('0', 2, 10) + 0,	138,	'3zRCT6CTV1JAB3S1UJ7K3m2RaIVqy0',	'fZQ9KH4dmgQV7oQmkQ5jkPSGATE6p5',	'2024-06-03 17:33:04'),
(422711014151075039,	'Brown',	'Sophia',	CONV('1', 2, 10) + 0, CONV('1', 2, 10) + 0,	565,	'v3kM26Yeya4oVlEjDajDQgu0Gr85op',	'Ynz3gZ8cDhJdAo8jWLeGNDNjK8xUmR',	'2024-05-16 17:33:04'),
(425217931068325090,	'Jones',	'Emma',	CONV('0', 2, 10) + 0, CONV('0', 2, 10) + 0,	417,	'eP2D9HzHXjDZgfK1jGS4otQ4JozmlH',	'7VdK562Cl7wYznrZRUY5bLiTPxPvQs',	'2024-05-16 17:33:04'),
(426331348027864197,	'Smith',	'Alice',	CONV('0', 2, 10) + 0, CONV('0', 2, 10) + 0,	78,	'OdontKyZeuv6PQj1Bd0KYhPYkU0x7y',	'uxrdMF4WvGUzPRbu9fMJ1vksQC51YZ',	'2024-06-11 17:33:04'),
(429706900535330633,	'Smith',	'John',	CONV('0', 2, 10) + 0, CONV('0', 2, 10) + 0,	43,	'0txK4tqHz2ePLWRtPqeyeH46RZ4q6i',	'rZxGMLckg6ssPWuB3mLmNZ2dWn8KsJ',	'2024-05-21 17:33:04'),
(438198332554567892,	'Johnson',	'John',	CONV('1', 2, 10) + 0, CONV('1', 2, 10) + 0,	359,	'cFrphmyNLiQj8VWADPS9QuKyLb9Jxq',	'53LMMfFt2UXLyAEKIAW0YLgY8K1OzE',	'2024-06-07 17:33:04'),
(449493313151188066,	'Smith',	'John',	CONV('1', 2, 10) + 0, CONV('1', 2, 10) + 0,	373,	'6S5mE5ZV0fP3k6hhAJzVV939C1v5ID',	'ZmHyTLi3gcEKkNtUHrZg9gqsfINAgW',	'2024-05-25 17:33:04'),
(454778347427732847,	'Jones',	'Emma',	CONV('0', 2, 10) + 0, CONV('0', 2, 10) + 0,	346,	'0MuNlmpjWrc8neScJmMagdP2xDCPPP',	'XApicNMOZHliv3S2DF2OinjHaDmz6Q',	'2024-05-25 17:33:04'),
(457645518040494062,	'Johnson',	'Michael',	CONV('0', 2, 10) + 0, CONV('0', 2, 10) + 0,	291,	'azR6i6WhyyF4LXEBZMtBYJLwZszLd7',	'U35sFRK2b1FIikcEiK0xMCFPnKernl',	'2024-06-03 17:33:04'),
(467627705673116281,	'Jones',	'Olivia',	CONV('1', 2, 10) + 0, CONV('1', 2, 10) + 0,	530,	'Mq2cYEHi6Vm3IufrsHlD2AjegPVKJJ',	'nf1XcluLJRHVHAXg8xF6LgxJMiHXyZ',	'2024-05-18 17:33:04'),
(469769216065331954,	'Taylor',	'James',	CONV('0', 2, 10) + 0, CONV('0', 2, 10) + 0,	603,	'obiH55WxIxIOViPq8fCmz4a9np60rH',	'qgSGc5PvYuqkaNb4zaAG1iZNUbTqI9',	'2024-05-27 17:33:04'),
(472724254052176395,	'Miller',	'Alice',	CONV('0', 2, 10) + 0, CONV('0', 2, 10) + 0,	186,	'VptqQJiuNxhVdTKdY98EAREVi5TQ9O',	'kXqm44fXHUgl4EAC3c3jkJj3cTPLqQ',	'2024-06-05 17:33:04'),
(477666619145174984,	'Miller',	'Eve',	CONV('0', 2, 10) + 0, CONV('0', 2, 10) + 0,	526,	'QaDOzu6Sq68h4Xu6dPxN1ACs3FvDDN',	'7Ly37sLxMP2VkqG8BbuKRRhH7kTmU1',	'2024-06-12 17:33:04'),
(478269606330756454,	'Smith',	'Alice',	CONV('0', 2, 10) + 0, CONV('0', 2, 10) + 0,	390,	'PxGDQCZsQMmn19lOgTv45zImpl7Aha',	'Oxivf4ovBR3o3sDFLvV1yzuePhxevS',	'2024-06-04 17:33:04'),
(482106305586715854,	'Johnson',	'Michael',	CONV('0', 2, 10) + 0, CONV('0', 2, 10) + 0,	230,	'HWmeetgSOQ6dLDHyVgBHpHdZfXyB3z',	'JDb6vF8fltzWdk2gcDQeGP9VaV96fI',	'2024-05-16 17:33:04'),
(494820383597670485,	'Miller',	'Michael',	CONV('0', 2, 10) + 0, CONV('0', 2, 10) + 0,	17,	'ABn6z7KRxoWpZfWKUdvTMvjV0zEmdQ',	'1gmGYOcKQpmUlbaAp8ETfemrKtgkq1',	'2024-05-23 17:33:04'),
(499819142956725491,	'Moore',	'James',	CONV('1', 2, 10) + 0, CONV('1', 2, 10) + 0,	426,	'ujvDPhSme86xn3mnRDmpqvSnrqa7pE',	'PGyOY9CxdfurBMVLaeghFIOnhZLmbW',	'2024-06-10 17:33:04'),
(501899400662817393,	'Johnson',	'John',	CONV('1', 2, 10) + 0, CONV('1', 2, 10) + 0,	576,	'm67d6t6ucvGrtuwQpVadhJy9rt177Y',	'g279MTS4BGduoHQM0HR9fSIaNoh71x',	'2024-05-17 17:33:04'),
(506743037926388087,	'Moore',	'James',	CONV('0', 2, 10) + 0, CONV('0', 2, 10) + 0,	76,	'WecRIRlEHYCnfi1tXAuMF4nvHO3qjf',	'c5Qpzpcx5jXaa8rkbgZCpxVt26WMEx',	'2024-06-12 17:33:04'),
(514692134730726593,	'Johnson',	'Emma',	CONV('0', 2, 10) + 0, CONV('0', 2, 10) + 0,	601,	'tZ4hRkPbxuVI2RmVB6v5Ku0OOPjwj7',	'7NkWAU9NHyL1czg1IrjykA0T5nHlRz',	'2024-06-11 17:33:04'),
(522221629712600381,	'Moore',	'Olivia',	CONV('0', 2, 10) + 0, CONV('0', 2, 10) + 0,	106,	'L9nsWAH8nVl2ktEp4d37UH7HbtrPu6',	'GgWjnjXtzqcxeFtRsbV6LOofADdRU7',	'2024-05-23 17:33:04'),
(527115745062001265,	'Moore',	'Sophia',	CONV('1', 2, 10) + 0, CONV('1', 2, 10) + 0,	405,	'QGOYdd7lCRAeG6dHkWDKN9orp76w9C',	'8YgdlzrL4xc6cg0WiJermXskIAsphw',	'2024-05-16 17:33:04'),
(528858794719371184,	'Wilson',	'Alice',	CONV('0', 2, 10) + 0, CONV('0', 2, 10) + 0,	222,	'Tlcbh9vCLqiycFE8UZ9fBnmFy0cZQt',	'rEVhfMHC8XPg1hGzcAa44s6xSCniZ5',	'2024-05-26 17:33:04'),
(530368045191536958,	'Jones',	'Eve',	CONV('1', 2, 10) + 0, CONV('1', 2, 10) + 0,	423,	'itprqrFNt3jtgu5Ek5x4WHUdieSnQl',	'CJ4y9gZ2xtfwHc0GzlzN5u5bW7Hn3W',	'2024-06-10 17:33:04'),
(539210552970908491,	'Taylor',	'Emma',	CONV('0', 2, 10) + 0, CONV('0', 2, 10) + 0,	218,	'2KLfzIzN1dywS3s6w7IlU0WDP5RmN0',	'4xbkl6Wtfw4lxtDy6wB3suAY7cNkQG',	'2024-06-07 17:33:04'),
(543377292790511452,	'Miller',	'John',	CONV('0', 2, 10) + 0, CONV('0', 2, 10) + 0,	89,	'kvU6rTTGKgv4bD2NLDNlywZyO1J1Wv',	'2TgKVOmwKckRihIqt18BUUGql9QdCy',	'2024-06-10 17:33:04'),
(547660736789827957,	'Brown',	'Bob',	CONV('0', 2, 10) + 0, CONV('0', 2, 10) + 0,	151,	'ZhxphVAEV8lrKVl3jrBi8ec84SsU8L',	'Gv38HNiUxQSDbveSiT4Hfafg2SLBUQ',	'2024-05-30 17:33:04'),
(556855068107311159,	'Johnson',	'Michael',	CONV('1', 2, 10) + 0, CONV('1', 2, 10) + 0,	80,	'J4sdPJlX5IuoobqD1oHTnjdYZXlcoy',	'hXyEiEeKTDC6I8sepKnv4Z4fPOvTjO',	'2024-06-05 17:33:04'),
(558712485846031015,	'Williams',	'Eve',	CONV('1', 2, 10) + 0, CONV('1', 2, 10) + 0,	615,	'OfyQakZihpIjQvjkU4ukG5EBwQKba2',	'LApJYwEgotnZruwSL9DOiS8wqBu9DX',	'2024-06-11 17:33:04'),
(569638540202955703,	'Smith',	'Olivia',	CONV('0', 2, 10) + 0, CONV('0', 2, 10) + 0,	134,	'wLyzarNRXQ8hy5DjldREKGGvISVSYg',	'sBWYNRHQZqpHsGvvlSm2u5ZrgbYf04',	'2024-06-08 17:33:04'),
(572622476684980003,	'Taylor',	'Alice',	CONV('1', 2, 10) + 0, CONV('1', 2, 10) + 0,	706,	'aW91wyOnc9tnWxr9dwp8nKCBcSeLEm',	'iSGm9w5bc3mySHEvjNVyIwP9pIbPG4',	'2024-05-18 17:33:04'),
(574104754800139616,	'Johnson',	'Sophia',	CONV('0', 2, 10) + 0, CONV('0', 2, 10) + 0,	441,	'xcBHmyhaCjwLJZyXep1NwQxVQKDmaN',	'jjSC65RFjUK1LsaKNiHUuCjmBs4ugM',	'2024-05-31 17:33:04'),
(583011876810095785,	'Taylor',	'Emma',	CONV('1', 2, 10) + 0, CONV('1', 2, 10) + 0,	23,	'ajwfGM5ld5T1O0tNbEWF5jGk289cPx',	'IVxUmJw7QZrp3HfIcZV61ntTLdUvRU',	'2024-06-12 17:33:04'),
(586102160611501950,	'Jones',	'Alice',	CONV('0', 2, 10) + 0, CONV('0', 2, 10) + 0,	638,	'8LZ8HxqCxm3HCiw4E8VzhTFb3lD5l2',	'S7Y0mqrqYu8DFh0xF2L8uiO0zocGfx',	'2024-05-28 17:33:04'),
(591155041076363356,	'Moore',	'John',	CONV('1', 2, 10) + 0, CONV('1', 2, 10) + 0,	665,	'gjnUFJ40q8AuCTaG6SDxv9uLzOdy11',	'Ch56bgzQcXLasPkofZfkBK1O2Zscl1',	'2024-05-29 17:33:04'),
(593735159698754427,	'Johnson',	'Sophia',	CONV('0', 2, 10) + 0, CONV('0', 2, 10) + 0,	32,	'IyuwSTjVWrpELQ28pjx34VTAKEAfgF',	'SypruxB8N9q5QCn9PNIGmBtYnnWppf',	'2024-05-26 17:33:04'),
(600910816275040509,	'Moore',	'Emma',	CONV('1', 2, 10) + 0, CONV('1', 2, 10) + 0,	404,	'beVcWObmH2wwJkfCxZvwvbf2B7gnfF',	'yn2OBUh3HBaytTVcQgBg7fVtntMEhX',	'2024-05-19 17:33:04'),
(604300117862656638,	'Davis',	'Emma',	CONV('0', 2, 10) + 0, CONV('0', 2, 10) + 0,	547,	'dHzW5aRD3YGjmWsbIGiYKvTqRGIc5W',	'TYOIWuodGYbmExOBf3kmcYcd6CupVY',	'2024-05-18 17:33:04'),
(607878437155998458,	'Smith',	'Emma',	CONV('0', 2, 10) + 0, CONV('0', 2, 10) + 0,	36,	'hvZZJp7BdklvAIfG7uKnvDaG5KRPMY',	'dvN9I5Aji7eYrUTRA5A3p9H7yWz6l3',	'2024-05-19 17:33:04'),
(609501751469837405,	'Wilson',	'Olivia',	CONV('1', 2, 10) + 0, CONV('1', 2, 10) + 0,	597,	'OwpkZg157hBZ1TK9kSIl1hSyudzVpq',	'vg1iWraGx1ShxnK7dCRQTcRCTCLRVU',	'2024-06-07 17:33:04'),
(611310304234984518,	'Jones',	'John',	CONV('0', 2, 10) + 0, CONV('0', 2, 10) + 0,	781,	'fHXGwI2NctQKP1eamJCy13tkf5N44o',	'qXmyoz82fiWPR7kBFrv5Ymm9HjY7s9',	'2024-06-02 17:33:04'),
(614323981283941882,	'Jones',	'Alice',	CONV('0', 2, 10) + 0, CONV('0', 2, 10) + 0,	609,	'u6Ks02Xf45rphwdXc4bJlViZ7m6JdI',	'LsMQ9UiF7bbmdEgRU2ng2h4ubBjp9A',	'2024-05-26 17:33:04'),
(614748069869822081,	'Johnson',	'Alice',	CONV('1', 2, 10) + 0, CONV('1', 2, 10) + 0,	27,	'BXdygTh6x9tBKRwwrPVYBGsRpmrXFu',	'TsGVScX4OJUOWBat44JRsdSCD39yKl',	'2024-06-01 17:33:04'),
(615792461089728686,	'Jones',	'Michael',	CONV('0', 2, 10) + 0, CONV('0', 2, 10) + 0,	407,	'87s3mUGaT9qDlloBKiGNoUh8C6y5fD',	'fZSmLOgbuvMmJ5kOb8UE55UqsLwlPn',	'2024-05-26 17:33:04'),
(616945261364507768,	'Wilson',	'James',	CONV('1', 2, 10) + 0, CONV('1', 2, 10) + 0,	65,	'ICin7r2gzUG0X4rF3PBLdgz6ZxHRcP',	'9cZyWD3PkOx3qsu8qb73lyK6nvYAE2',	'2024-06-06 17:33:04'),
(632339539936955775,	'Moore',	'John',	CONV('0', 2, 10) + 0, CONV('0', 2, 10) + 0,	75,	'D3RZD6S7DaBOFQ25eAZ6ZN9sV5dm07',	'mq2z67UyJNlacABynRUqQvmYC36n76',	'2024-05-26 17:33:04'),
(635276138286290788,	'Williams',	'Alice',	CONV('1', 2, 10) + 0, CONV('1', 2, 10) + 0,	529,	'292BuKtIEiXVm7dH429Q19Vr9lmZbJ',	'dptcmrC5rsvaZtA389czX13tN6hJ2I',	'2024-06-06 17:33:04'),
(636309848926585574,	'Smith',	'Sophia',	CONV('0', 2, 10) + 0, CONV('0', 2, 10) + 0,	383,	'rxRHiIjvCRnGCUTBE1v86DvaEmWUH5',	'APFhmBg63hLbO79AXaXJTWeHnDNGXD',	'2024-05-18 17:33:04'),
(643029734242031251,	'Johnson',	'Michael',	CONV('0', 2, 10) + 0, CONV('0', 2, 10) + 0,	504,	'u3GpxWWMixPNpf6XN8LW9Boy9UafKD',	'nh8tvGpTrxFBNwIQunH5DYuLz2m6yT',	'2024-05-21 17:33:04'),
(649738282927244681,	'Smith',	'Alice',	CONV('0', 2, 10) + 0, CONV('0', 2, 10) + 0,	366,	'33gNnmpW2lM5JGRDdiFGHklw0pIIRs',	'jKmz3Q0ByXsvhTVFwjoNSZ8rxZeuKw',	'2024-05-28 17:33:04'),
(661458046573895246,	'Williams',	'David',	CONV('1', 2, 10) + 0, CONV('1', 2, 10) + 0,	158,	'VNfBphfGXCPruo3JXZOjLaoKM5tlPz',	'9jwQqmCfbX0HM3QCwqv86KSsiWKp6g',	'2024-06-14 17:33:04'),
(661590831102321224,	'Davis',	'James',	CONV('0', 2, 10) + 0, CONV('0', 2, 10) + 0,	307,	'Xfu4UAcdWJ5yZiGue1lyzu98iSjc7Z',	'h5rzIFUCPLlQ1CX12xsxXnJrR7PzqI',	'2024-05-16 17:33:04'),
(662942462583631705,	'Johnson',	'Michael',	CONV('1', 2, 10) + 0, CONV('1', 2, 10) + 0,	158,	'bTgTQ4XTT5OGI1DLJPHSqLYxWYzyK5',	'7u3NCUKUH2mWjSnF8OTmcyHfrxOykN',	'2024-05-19 17:33:04'),
(670290270297068670,	'Johnson',	'John',	CONV('0', 2, 10) + 0, CONV('0', 2, 10) + 0,	360,	'tIlxbYzyknByr9hBq4gdJHq0oF8Q59',	'EhoFdBDkn8J4WAZfJg0XacjlKeM9NI',	'2024-05-16 17:33:04'),
(670747949050110589,	'Moore',	'Eve',	CONV('0', 2, 10) + 0, CONV('0', 2, 10) + 0,	325,	'zFA5R9Rnf9Fa6ASWf9mygxvHAGr224',	'Ju1mG17oIbkvJb4ddJm1ZuLNVGzuza',	'2024-05-24 17:33:04'),
(679520845416316756,	'Brown',	'Bob',	CONV('1', 2, 10) + 0, CONV('1', 2, 10) + 0,	522,	'Jkigk5MLRvJ1snGew8ZjqmnnacQTOo',	'00cuvX4nuOEhA0LOBhQqNsMFn3SNZc',	'2024-06-05 17:33:04'),
(679836666692930524,	'Jones',	'Eve',	CONV('0', 2, 10) + 0, CONV('0', 2, 10) + 0,	534,	'prVqLrn2MAsLZFMlf8WuqkirNddWZv',	'oIoaQ1qeoyVbPkGAoT9Wa6pzc8i9wY',	'2024-05-24 17:33:04'),
(680328666707858672,	'Jones',	'Michael',	CONV('1', 2, 10) + 0, CONV('1', 2, 10) + 0,	7,	'eROGSZb9FhhiahK9SxXeI4O0x1deH5',	'HUSBzVvl0wE5Dhii6QoZm4mWTian4I',	'2024-05-26 17:33:04'),
(689562538176605992,	'Moore',	'David',	CONV('1', 2, 10) + 0, CONV('1', 2, 10) + 0,	286,	'jb5Cxe4nbcbwKXZhLSEQ1Lkf3wJGwE',	'aGBZyxO0MMGHYcIkGw5C112BxGf2La',	'2024-05-26 17:33:04'),
(704083865349703545,	'Smith',	'Michael',	CONV('0', 2, 10) + 0, CONV('0', 2, 10) + 0,	463,	'kKyiIF0nv9Rzhnd2lLuXg0AoqzOLcO',	'7jdrax83cMqhpyHQnDFbkoGPNh0IhD',	'2024-06-01 17:33:04'),
(704339218982898451,	'Brown',	'Emma',	CONV('0', 2, 10) + 0, CONV('0', 2, 10) + 0,	224,	'nQAZqzPqnxFuSFLSkNB5bc4HTD5qi8',	'YZCsaVUEh3VFXLncxT4eGO0DPRsmaf',	'2024-06-03 17:33:04'),
(705993395472956683,	'Williams',	'Eve',	CONV('0', 2, 10) + 0, CONV('0', 2, 10) + 0,	519,	'7ZfGADsTMrkqszqbpJxBAAZb9Kaiwl',	'8JdhwNR1zgJXMDxpjuWbVOeJCuPwWr',	'2024-05-28 17:33:04'),
(709573709153623320,	'Smith',	'David',	CONV('1', 2, 10) + 0, CONV('1', 2, 10) + 0,	598,	'Pxs1DosYTdATiSGKMmnX6D56TgccdV',	'ZXx4pdofyDpWTmTUz3Z80WNY2EOFrm',	'2024-05-28 17:33:04'),
(710364615866033955,	'Johnson',	'Alice',	CONV('0', 2, 10) + 0, CONV('0', 2, 10) + 0,	471,	'ilgH1OtgogDp302HZtfFxPiC4QK3tz',	'ZOMrzP426ZpyG32jQm17dmm2doE12R',	'2024-05-27 17:33:04'),
(710882859130005607,	'Miller',	'John',	CONV('1', 2, 10) + 0, CONV('1', 2, 10) + 0,	395,	'qO78Lu2OsN6dVj4wlU4BvESdTy7O2u',	'CPQFGdPIkdHQFZBMwauis87s8C2cLG',	'2024-06-06 17:33:04'),
(713639781677090683,	'Miller',	'Olivia',	CONV('1', 2, 10) + 0, CONV('1', 2, 10) + 0,	715,	'YIjAOQyBTnvGb1LzvcY1BJGwD0ZwdV',	'gUrtbNEWjYtDc7fwBbB1ydjjZR11wp',	'2024-06-03 17:33:04'),
(725933983030544121,	'Smith',	'Olivia',	CONV('0', 2, 10) + 0, CONV('0', 2, 10) + 0,	438,	'0jwM8qiHoAVIhdq0m20vzmmNgrYLEw',	'bbOkUWVwyUJaOXYv7bmun9YtCAYyLx',	'2024-05-18 17:33:04'),
(744503186417265037,	'Smith',	'Michael',	CONV('1', 2, 10) + 0, CONV('1', 2, 10) + 0,	376,	'4BeqklAErnPGEcAXxSOh84DFkNqMWB',	'ORJKDLj1XyavpaKuXB5i41Exm71AK6',	'2024-05-24 17:33:04'),
(747484379502825926,	'Miller',	'Eve',	CONV('0', 2, 10) + 0, CONV('0', 2, 10) + 0,	494,	'plUzZqpqvyPzXBFzaBMm22RSOZ580W',	'CBSQYJXbHfrOtkwYgvVf7Fw6NJEv0Y',	'2024-05-20 17:33:04'),
(747569485194445921,	'Smith',	'Olivia',	CONV('1', 2, 10) + 0, CONV('1', 2, 10) + 0,	572,	'YfdPONtnLtoeWwRkHOdLxdavzczpUc',	'Gvy96QY6ShO7be7TYc0eLlvwWHPFrt',	'2024-06-14 17:33:04'),
(753289327481761119,	'Miller',	'Sophia',	CONV('0', 2, 10) + 0, CONV('0', 2, 10) + 0,	773,	'Vz6S4mKsFyxjw5Zp0PVYqohVvGlGkT',	'A6UwsSEjxsMmecriE5aCkk83z6cMib',	'2024-06-08 17:33:04'),
(754284862186226737,	'Williams',	'John',	CONV('1', 2, 10) + 0, CONV('1', 2, 10) + 0,	295,	'oApv63IzMxnEv6CvysTfqp9PQTnzuZ',	'UjjSX59Kpxn4FIJRgpOSPOxfLznHA2',	'2024-06-04 17:33:04'),
(764289944210898115,	'Moore',	'Eve',	CONV('1', 2, 10) + 0, CONV('1', 2, 10) + 0,	252,	'UHpDLPW3qPOhoa1NkZjJvTMEMTxwP6',	'9OS1FYS8kl3cF1YyVl3vmzZM3Lqk5M',	'2024-06-05 17:33:04'),
(769023042436412664,	'Wilson',	'Bob',	CONV('1', 2, 10) + 0, CONV('1', 2, 10) + 0,	523,	'Fwl034HDKz7EdE8FJ7hv2CYuPiy0gN',	'ZgSyDi2yYioBqj8lLldM9aZ2mcKj2L',	'2024-05-19 17:33:04'),
(774007414509236186,	'Brown',	'Sophia',	CONV('1', 2, 10) + 0, CONV('1', 2, 10) + 0,	301,	'7LACMxW33ICwoyOHcPdQlH3wb0E1Mo',	'xfj636Q3n2W8fRc3EOmgM5wq1cdtN9',	'2024-05-29 17:33:04'),
(776278955783434917,	'Jones',	'Olivia',	CONV('0', 2, 10) + 0, CONV('0', 2, 10) + 0,	422,	'87ZmZ8z1euS5uoLS1wA8Uu5PeL64sp',	'FjGdYdgYga8rpFCxBaDeKrZHUEjcYk',	'2024-05-28 17:33:04'),
(778298216722693350,	'Moore',	'Emma',	CONV('0', 2, 10) + 0, CONV('0', 2, 10) + 0,	731,	'wSeTLfLCiNAZL8rDFhK7LPWx6uolOb',	'Pf6OgQogIVhDZpPQZYs3PmRIUJhwhO',	'2024-06-09 17:33:04'),
(782354328054257936,	'Johnson',	'James',	CONV('0', 2, 10) + 0, CONV('0', 2, 10) + 0,	497,	's7UIx2hrDTPY0vgIDlNiSK6Kx0hh6m',	'jTnFAjunrdZHXSlXYbGUncke6aCOVQ',	'2024-05-30 17:33:04'),
(783221003621585258,	'Davis',	'Emma',	CONV('1', 2, 10) + 0, CONV('1', 2, 10) + 0,	263,	'IyZsgiCIrScpnuBVnUvujpkZSyhs1E',	'EcCN60Xewt0zAvcloqRammH2wTPSls',	'2024-05-31 17:33:04'),
(798209625306537808,	'Wilson',	'Bob',	CONV('0', 2, 10) + 0, CONV('0', 2, 10) + 0,	702,	'OOv35sTwkywWHOuULwmkJrZxrGIm3v',	'1e9CDrWe38i5g3lLEACVjoQB30mbXW',	'2024-06-01 17:33:04'),
(799404534302200737,	'Taylor',	'Emma',	CONV('0', 2, 10) + 0, CONV('0', 2, 10) + 0,	691,	'3LcIlC7mHmFnHlR5PVOdrHpenYdCQy',	'pdTfimRKTeiOMtGKB2Ql5AqiSDrb6K',	'2024-05-27 17:33:04'),
(800136675271274892,	'Johnson',	'James',	CONV('1', 2, 10) + 0, CONV('1', 2, 10) + 0,	50,	'gckEA5T7ND04PjuUabTUd3C6qV7rp9',	'uWH8qGuUdVS2aVx5DfljfNQ9XBoGSQ',	'2024-06-10 17:33:04'),
(800368402471736591,	'Moore',	'Michael',	CONV('0', 2, 10) + 0, CONV('0', 2, 10) + 0,	266,	'u5Bj1KPuz5nt9lcv1HoWOAn54CO8ZO',	'Rk2VmcMiQ43QcLSwSDo4cEXI24gNKT',	'2024-06-08 17:33:04'),
(817942517970237079,	'Williams',	'Olivia',	CONV('0', 2, 10) + 0, CONV('0', 2, 10) + 0,	413,	'ZUSuKlTaYqaBCSnRyiSY2L2fjSWfDY',	'C7V5eztiWvItZGtRMrLeEzD9nXmkoU',	'2024-05-31 17:33:04'),
(831711283506519328,	'Miller',	'Bob',	CONV('1', 2, 10) + 0, CONV('1', 2, 10) + 0,	186,	'OwE9c2p74xzLpIPaC6CijgxswoH2QU',	'eqDuQK254quVmnnUn0GCkWToZJYiOK',	'2024-06-10 17:33:04'),
(841354685236581287,	'Johnson',	'Emma',	CONV('1', 2, 10) + 0, CONV('1', 2, 10) + 0,	419,	'Q8chfzxfkJCrnLPTmwru1zPiMFpfO5',	'gMnFISAZ3HOJHQL0MMObMH2TCiNKm4',	'2024-06-05 17:33:04'),
(845738817454123056,	'Brown',	'John',	CONV('0', 2, 10) + 0, CONV('0', 2, 10) + 0,	146,	'qztz1r7hWHVFTfX1oFf6WMTKnLkNtA',	'oQjGICSXwktimxfjUcRc4NgWYYBXpJ',	'2024-05-19 17:33:04'),
(859505747524140731,	'Moore',	'Eve',	CONV('0', 2, 10) + 0, CONV('0', 2, 10) + 0,	536,	'gbFfAPmWeZW56iA531nA7qvV5aX75A',	'Are5puhrlptH7ylbO5Iab35JlVlWlI',	'2024-05-31 17:33:04'),
(860412147487103086,	'Moore',	'John',	CONV('1', 2, 10) + 0, CONV('1', 2, 10) + 0,	594,	'Qjvc0YCXsZ9ZfsBpp07BzalKjqWPtc',	'cUvc9a9dQNSj3iOuQH9NgrQxj4eUMn',	'2024-06-03 17:33:04'),
(866632605299128385,	'Brown',	'David',	CONV('0', 2, 10) + 0, CONV('0', 2, 10) + 0,	359,	'55mrzCXJPnvG57vWAy9D98oFU0jB9h',	'JrduvVoycLLldpMOl6ry9WwceH6212',	'2024-06-07 17:33:04'),
(874339023309243244,	'Wilson',	'James',	CONV('1', 2, 10) + 0, CONV('1', 2, 10) + 0,	491,	'JiU2Y5QibtCUCHcNSgnAQNG8bi9oFa',	'U6OULkiX4K5xbyLRmdDXZGftN7dawE',	'2024-06-12 17:33:04'),
(875308521176365536,	'Taylor',	'Olivia',	CONV('0', 2, 10) + 0, CONV('0', 2, 10) + 0,	519,	'gNHNlrjVQnkq2hRKJXszXheDW1w9jH',	'aGpiWJyEmZnvjKmSg37g7Y4CwWHh3V',	'2024-05-24 17:33:04'),
(875406866682452424,	'Wilson',	'Bob',	CONV('0', 2, 10) + 0, CONV('0', 2, 10) + 0,	380,	'l5g1f0mt0WT9CX2vrMVyPZetOhiU5Q',	'Z1yw2NfegHHT7xF7m8uNzncstNPbvP',	'2024-05-29 17:33:04'),
(882399719889812866,	'Johnson',	'Emma',	CONV('1', 2, 10) + 0, CONV('1', 2, 10) + 0,	509,	'216zmHl3HIlkS2m0KLtFqsvbDy5zez',	'gvBog8x8dVeWAnh38GC7dCOmE9TSwO',	'2024-05-29 17:33:04'),
(893405267866395249,	'Williams',	'Eve',	CONV('0', 2, 10) + 0, CONV('0', 2, 10) + 0,	755,	'aO5MQFodSJtOQQxRJWrIk1WP2D0EF0',	'QJHSZ3Ff3YjjdbF76ndYu12EeSkGDd',	'2024-05-25 17:33:04'),
(897840685781230908,	'Taylor',	'Emma',	CONV('0', 2, 10) + 0, CONV('0', 2, 10) + 0,	762,	'8fCknwWFA06izSiS3qFhTYZ3rj85K7',	'3qQpq77Am5moCVhGTZzyX8isUmiczL',	'2024-05-21 17:33:04'),
(901722816808694314,	'Miller',	'Sophia',	CONV('0', 2, 10) + 0, CONV('0', 2, 10) + 0,	27,	'OFRC8Ht9np8MCKEw4AEfDTQ1Z90gt8',	'2VX9MuW2yvFJzT14dFjdeKABl1dMsz',	'2024-06-13 17:33:04'),
(906303738394292777,	'Taylor',	'Olivia',	CONV('0', 2, 10) + 0, CONV('0', 2, 10) + 0,	531,	'EvA0JJIMyvegbKI22XYEFlpXH3EHvg',	'Y97iRjSzGIRpYpSWewb2lbCfwLWzdg',	'2024-05-29 17:33:04'),
(907868165296841634,	'Miller',	'Eve',	CONV('0', 2, 10) + 0, CONV('0', 2, 10) + 0,	292,	'Q362hPum7QTpLdDbZipxBc2NUmqljV',	'KqpYvI8GRv5Lu2EayuTw3dJxAEGcZf',	'2024-05-27 17:33:04'),
(918086561645738038,	'Taylor',	'Michael',	CONV('1', 2, 10) + 0, CONV('1', 2, 10) + 0,	288,	'SetuNIr3WCtrfRGumz5qaoAfnikR4B',	'IiQcj6S5lRHOMBO1M3C864OHM2tdQs',	'2024-05-25 17:33:04'),
(921560514998994019,	'Jones',	'Emma',	CONV('0', 2, 10) + 0, CONV('0', 2, 10) + 0,	20,	'DnXdfACvKMcMUkFtNB5sEv29po1mG5',	'2YTnGTDGTQ4OludUMOivDD6fYRdT5E',	'2024-06-08 17:33:04'),
(926554689236126118,	'Miller',	'Michael',	CONV('1', 2, 10) + 0, CONV('1', 2, 10) + 0,	380,	'susMVWqyGT6rFbgjXjI16VELsp4aSh',	'BDPGNU7Bzy4dgLFX0DGb4b3AaMRa9t',	'2024-06-08 17:33:04'),
(931764411591031003,	'Wilson',	'Bob',	CONV('0', 2, 10) + 0, CONV('0', 2, 10) + 0,	62,	'nLEZigu63rufqlnO8lOjsiuo0gmMEb',	'dO8UEyWLSEriFNTVhPBdOaeUJ7lFtq',	'2024-05-23 17:33:04'),
(936736082693321213,	'Davis',	'Bob',	CONV('0', 2, 10) + 0, CONV('0', 2, 10) + 0,	416,	'U7r1cBVcB3gNcvOzlnKd4YbhITMOcp',	'L6EHgSopmfqfYq5ZSVJpbhp3aasxDj',	'2024-05-19 17:33:04'),
(941693862418683044,	'Johnson',	'John',	CONV('0', 2, 10) + 0, CONV('0', 2, 10) + 0,	721,	'vbnJppiep8FdwTq8bh75KYcmbJfasB',	'x0ebtkDITndGaWoGyI0tpwP1CeFUjM',	'2024-06-05 17:33:04'),
(944849240707485390,	'Taylor',	'Olivia',	CONV('1', 2, 10) + 0, CONV('1', 2, 10) + 0,	448,	'GT9dZT4R4SODVWZNhlC7UpPnByQwu5',	'K4hYsiVX481XCvXy8FE8Gqe09YRi92',	'2024-06-02 17:33:04'),
(950765650780318114,	'Williams',	'Olivia',	CONV('1', 2, 10) + 0, CONV('1', 2, 10) + 0,	691,	'1pQlsPwQ57Hc3JgsDq5UQEsuCXhm1u',	'G2xAiBgWAhaAPM4p6LHEWyqoLFo3BQ',	'2024-05-21 17:33:04'),
(951573058467031941,	'Miller',	'Michael',	CONV('1', 2, 10) + 0, CONV('1', 2, 10) + 0,	750,	'vp7BUv22Zdi0Q4hUPsDmlGnzLx3ZcM',	'3AcrH2MezqQgUsMhl56LsWZwTyvGyc',	'2024-05-26 17:33:04'),
(953697047936757764,	'Miller',	'Alice',	CONV('1', 2, 10) + 0, CONV('1', 2, 10) + 0,	6,	'zQO1pT0kSJPnteXjfEtsZJGaxWdvmL',	'nVt7Xi0FTaIiUTh522ljrE62XN5VvK',	'2024-05-16 17:33:04'),
(956405130556594181,	'Taylor',	'Bob',	CONV('0', 2, 10) + 0, CONV('0', 2, 10) + 0,	778,	'7Res1CDXMprp3rxKVJYvJfe9s6HVq0',	'lNGytKplgUBLeeCsWiNJ59YTKsD3Jo',	'2024-05-21 17:33:04'),
(956970295833491252,	'Jones',	'Emma',	CONV('1', 2, 10) + 0, CONV('1', 2, 10) + 0,	616,	'UcFa29QRyKzwFd2pUo1AmuMUrHc77T',	'bb4qpZ4bECG9MMqfg0wazUP84W8FGT',	'2024-05-23 17:33:04'),
(958221187766200843,	'Taylor',	'John',	CONV('0', 2, 10) + 0, CONV('0', 2, 10) + 0,	85,	'wEV3zXW70D2TRrt8tQu4uo86fzr4Wb',	'Ok2w4EK8U6lf7scKeiCQgwrFbwk7Ry',	'2024-05-25 17:33:04'),
(958235370834436694,	'Wilson',	'John',	CONV('1', 2, 10) + 0, CONV('1', 2, 10) + 0,	781,	'RdHhV4hGx8MONXDVxlZKwc2GPGv6jF',	'EWNCDcu0ONfKcY2vOnE8eBDkjv7Nhd',	'2024-05-17 17:33:04'),
(959699896155367544,	'Jones',	'Eve',	CONV('0', 2, 10) + 0, CONV('0', 2, 10) + 0,	576,	'BPUOztBleUEBPCur96eHDndBGJgRqI',	'6xZjsI8HlxqE8XziquSb73IwfReKQL',	'2024-05-25 17:33:04'),
(960131077315583878,	'Miller',	'Eve',	CONV('1', 2, 10) + 0, CONV('1', 2, 10) + 0,	100,	'VMcT7RVtx99E6YeAuTCVpzpOtQwuNF',	'aD6yLPKAHBkcRZOGZgeMpdYVB8PH8o',	'2024-05-26 17:33:04'),
(609174111951229484,	'Brown',	'James',	CONV('0', 2, 10) + 0, CONV('0', 2, 10) + 0,	615,	'ffyj1MR01rJX3zyDDoEDsGsiqipZ2H',	'FC4mF3NvPkR7aZ70EMJPtCwUK8s1ZU',	'2024-06-10 17:33:04'),
(964787437554689618,	'Smith',	'Bob',	CONV('1', 2, 10) + 0, CONV('1', 2, 10) + 0,	494,	'sinxUWTu6VGmhM8CmU7x0S5CUTpzI9',	'FUYPnbpcD7ESHtZMgzAo668pwjkZxR',	'2024-06-02 17:33:04'),
(967842553890510842,	'Johnson',	'James',	CONV('1', 2, 10) + 0, CONV('1', 2, 10) + 0,	601,	'QHUZlCiyKkOZaBW008FDMD4JeYzvs2',	'jRIfDRARwYWAjaZPpfTszFpYJ7UvTv',	'2024-06-11 17:33:04'),
(971678140261538066,	'Miller',	'Olivia',	CONV('1', 2, 10) + 0, CONV('1', 2, 10) + 0,	423,	'b4nO2TNL5jpquhfELuBDETsMvsAPbc',	'sBOEqdupU4W6HjvhjhPG9SHRMDKe6m',	'2024-05-25 17:33:04'),
(971780104158827543,	'Wilson',	'James',	CONV('1', 2, 10) + 0, CONV('1', 2, 10) + 0,	84,	'eZS1ehM9NAMKq2RsI9yFMG33myY8nJ',	'cP8rBQjxbAOy4CyJ1DNIvQe5zEn0nO',	'2024-06-06 17:33:04'),
(980196359745793999,	'Miller',	'Olivia',	CONV('0', 2, 10) + 0, CONV('0', 2, 10) + 0,	121,	'XhN8fz9Zc9UOiIROpMseM8ZNHun8L4',	'GWg9JOFdrd4ZMvawvl1CMvSGxS8V92',	'2024-06-14 17:33:04'),
(980914918733810595,	'Smith',	'Sophia',	CONV('0', 2, 10) + 0, CONV('0', 2, 10) + 0,	47,	'dxTD0o6rdL1Emzz7RPT4eKnxbMPu5t',	'aIZnGywV6d6aGcqegKqEWqxc39Gntg',	'2024-05-29 17:33:04'),
(981095775336091930,	'Williams',	'Olivia',	CONV('0', 2, 10) + 0, CONV('0', 2, 10) + 0,	204,	'zRTIKBxxbr19Hhfb0ELSI2F2FP73mo',	'VA6rGHyibsjCxTzeequYTlSQQLZO1i',	'2024-06-05 17:33:04'),
(982223464244205077,	'Jones',	'Eve',	CONV('1', 2, 10) + 0, CONV('1', 2, 10) + 0,	124,	'BulhvVUbUtVD99HtxMZngg8UZ1StXz',	'W45Ssho99yA8TPlG110es0YUYvLkN8',	'2024-05-27 17:33:04'),
(990199133719060128,	'Taylor',	'Emma',	CONV('0', 2, 10) + 0, CONV('0', 2, 10) + 0,	47,	'2IGy1YLSqliiXEPhqJzuD3V6st8Iyi',	'iZvA1bBXwTpb0m8j5Lm5DQirLab6FU',	'2024-05-26 17:33:04'),
(993504523045320908,	'Brown',	'Olivia',	CONV('0', 2, 10) + 0, CONV('0', 2, 10) + 0,	698,	'90cgYo8iA789n1GofbKp5N8w8j1kWv',	'1qWqNyNDalNXSBQPQP3UGqb3yBFeZJ',	'2024-05-25 17:33:04');

INSERT INTO `userRoles` (`userRoleId`, `assignedRoleId`, `userId`) VALUES
(1,	1,	114316488057882015),
(2,	2,	115423241599600111);

INSERT INTO `assignedRolePermissions` (`permission`, `gameId`, `assignedRoleId`)
VALUES ('school.listAll', '4', '2');

INSERT INTO `ranks` (`rankId`, `rankName`, `gameId`) VALUES
(1,	'Žádný rank',	1),
(2,	'Silver I',	1),
(3,	'Silver II',	1),
(4,	'Silver III',	1),
(5,	'Silver IV',	1),
(6,	'Silver Elite',	1),
(7,	'Silver Elite Master',	1),
(8,	'Gold Nova I',	1),
(9,	'Gold Nova II',	1),
(10,	'Gold Nova III',	1),
(11,	'Gold Nova Master',	1),
(12,	'Master Guardian',	1),
(13,	'Master Guardian 2',	1),
(14,	'Master Guardian Elite',	1),
(15,	'Distinguished Master Guardian',	1),
(16,	'Legendary Eagle',	1),
(17,	'Legendary Eagle Master',	1),
(18,	'Supreme Master First Class',	1),
(19,	'Global Elite',	1),
(20,	'Žádný rank',	2),
(21,	'Iron IV',	2),
(22,	'Iron III',	2),
(23,	'Iron II',	2),
(24,	'Iron I',	2),
(25,	'Bronze IV',	2),
(26,	'Bronze III',	2),
(27,	'Bronze II',	2),
(28,	'Bronze I',	2),
(29,	'Silver IV',	2),
(30,	'Silver III',	2),
(31,	'Silver II',	2),
(32,	'Silver I',	2),
(33,	'Gold IV',	2),
(34,	'Gold III',	2),
(35,	'Gold II',	2),
(36,	'Gold I',	2),
(37,	'Platinum IV',	2),
(38,	'Platinum III',	2),
(39,	'Platinum II',	2),
(40,	'Platinum I',	2),
(41,	'Emerald IV',	2),
(42,	'Emerald III',	2),
(43,	'Emerald II',	2),
(44,	'Emerald I',	2),
(45,	'Diamond IV',	2),
(46,	'Diamond III',	2),
(47,	'Diamond II',	2),
(48,	'Diamond I',	2),
(49,	'Master',	2),
(50,	'Grandmaster',	2),
(51,	'Challenger',	2),
(52,	'Žádný rank',	3),
(53,	'Žádný rank',	4),
(54,	'Bronze I',	4),
(55,	'Bronze II',	4),
(56,	'Bronze III',	4),
(57,	'Silver I',	4),
(58,	'Silver II',	4),
(59,	'Silver III',	4),
(60,	'Gold I',	4),
(61,	'Gold II',	4),
(62,	'Gold III',	4),
(63,	'Platinum I',	4),
(64,	'Platinum II',	4),
(65,	'Platinum III',	4),
(66,	'Diamond I',	4),
(67,	'Diamond II',	4),
(68,	'Diamond III',	4),
(69,	'Champion I',	4),
(70,	'Champion II',	4),
(71,	'Champion III',	4),
(72,	'Grand Champion I',	4),
(73,	'Grand Champion II',	4),
(74,	'Grand Champion III',	4),
(75,	'Supersonic Legend',	4),
(76,	'Žádný rank',	5),
(77,	'Iron 1',	5),
(78,	'Iron 2',	5),
(79,	'Iron 3',	5),
(80,	'Bronze 1',	5),
(81,	'Bronze 2',	5),
(82,	'Bronze 3',	5),
(83,	'Silver 1',	5),
(84,	'Silver 2',	5),
(85,	'Silver 3',	5),
(86,	'Gold 1',	5),
(87,	'Gold 2',	5),
(88,	'Gold 3',	5),
(89,	'Platinum 1',	5),
(90,	'Platinum 2',	5),
(91,	'Platinum 3',	5),
(92,	'Diamond 1',	5),
(93,	'Diamond 2',	5),
(94,	'Diamond 3',	5),
(95,	'Ascendant 1',	5),
(96,	'Ascendant 2',	5),
(97,	'Ascendant 3',	5),
(98,	'Immortal 1',	5),
(99,	'Immortal 2',	5),
(100,	'Immortal 3',	5),
(101,	'Radiant',	5),
(102,	'Žádný rank',	6),
(103,	'Copper 1',	6),
(104,	'Copper 2',	6),
(105,	'Copper 3',	6),
(106,	'Copper 4',	6),
(107,	'Copper 5',	6),
(108,	'Bronze 1',	6),
(109,	'Bronze 2',	6),
(110,	'Bronze 3',	6),
(111,	'Bronze 4',	6),
(112,	'Bronze 5',	6),
(113,	'Silver 1',	6),
(114,	'Silver 2',	6),
(115,	'Silver 3',	6),
(116,	'Silver 4',	6),
(117,	'Silver 5',	6),
(118,	'Gold 1',	6),
(119,	'Gold 2',	6),
(120,	'Gold 3',	6),
(121,	'Gold 4',	6),
(122,	'Gold 5',	6),
(123,	'Platinum 1',	6),
(124,	'Platinum 2',	6),
(125,	'Platinum 3',	6),
(126,	'Platinum 4',	6),
(127,	'Platinum 5',	6),
(128,	'Emerald 1',	6),
(129,	'Emerald 2',	6),
(130,	'Emerald 3',	6),
(131,	'Emerald 4',	6),
(132,	'Emerald 5',	6),
(133,	'Diamond 1',	6),
(134,	'Diamond 2',	6),
(135,	'Diamond 3',	6),
(136,	'Diamond 4',	6),
(137,	'Diamond 5',	6),
(138,	'Champions',	6);
